fire_id,mean.spruce,mean.pine,mean.decid,mean.height,mean.age,mean.pine_rel,mean.spruce_rel,mean.decid_rel,burned
2016_11,23.308090209960937,158.3622283935547,0,16.9786434173584,92.7277603149414,85.343963623046875,12.643248558044434,1.2401845455169678,TRUE
2016_11,57.60595703125,111.57633209228516,0,16.3614444732666,81.9034652709961,65.09779357910156,30.7928409576416,2.9541289806365967,TRUE
2016_11,40.79256057739258,120.43225860595703,0,16.776412963867188,91.077911376953125,73.21660614013672,22.877370834350586,2.098217487335205,TRUE
2016_10,23.464174270629883,55.987369537353516,0,9.681876182556152,62.387535095214844,61.85470962524414,23.893869400024414,41.75339889526367,TRUE
2016_10,17.65561866760254,48.741756439208984,0,8.13857364654541,50.19691848754883,71.33928680419922,17.46469497680664,65.9108657836914,TRUE
2016_09,9.145957946777344,3.647860288619995,0,4.798614025115967,46.7216911315918,23.534547805786133,33.920108795166016,315.3805236816406,TRUE
2016_09,9.81785774230957,17.18890953063965,0,6.254305839538574,59.398590087890625,38.555999755859375,28.503463745117188,139.76858520507812,TRUE
2016_09,5.544089317321777,5.949914932250977,0,3.962063789367676,48.80137252807617,33.33564376831055,32.2209587097168,224.52880859375,TRUE
2016_09,13.395679473876953,25.875404357910156,0,6.853504657745361,54.66898727416992,43.20065689086914,26.40664291381836,102.14677429199219,TRUE
2016_09,14.666666984558105,41.66666793823242,0,11.333333015441895,83,64.28571319580078,23.761903762817383,20.739606857299805,TRUE
2016_09,12.364279747009277,20.66440773010254,0,6.668356895446777,55.0719108581543,37.48426055908203,32.475128173828125,149.5172119140625,TRUE
2016_09,4.486971855163574,2.395624876022339,0,4,48.354061126708984,21.790185928344727,39.67629623413086,385.865234375,TRUE
2016_09,13.404097557067871,36.73887252807617,0,9.105584144592285,74.971588134765625,50.782005310058594,25.398942947387695,65.67124938964844,TRUE
2016_09,5.7172532081604,1,0,4,65.282745361328125,10.353433609008789,58.58626937866211,323.8567810058594,TRUE
2016_09,2.551703453063965,3.6551103591918945,0,3.551703453063965,46.58637237548828,32.949790954589844,23.754732131958008,429.97723388671875,TRUE
2016_09,5.562572002410889,1.3626103401184082,0,3.742090940475464,55.280418395996094,6.91374397277832,44.74898147583008,694.8739013671875,TRUE
2016_09,0,0,0,0,0,0,0,0,TRUE
2016_09,27.39672088623047,1.975868821144104,0,4.951737403869629,38.78281784057617,5.245767593383789,70.78631591796875,72.22242736816406,TRUE
2016_09,0,0,0,0,0,0,0,0,TRUE
2016_09,21.766633987426758,10.6592378616333,0,6.977235794067383,67.64225769042969,25.464757919311523,35.10811233520508,198.8596954345703,TRUE
2016_09,29.769140243530273,30.687597274780273,0,9.429594993591309,61.2896842956543,34.62722396850586,35.57676315307617,57.204917907714844,TRUE
2016_08,10.48515510559082,15.707550048828125,0,5.151562213897705,34.303123474121094,33.75041580200195,24.20553970336914,289.9995422363281,TRUE
2016_08,8.070652961730957,6.116113185882568,0,5.107447147369385,57.09353256225586,21.410860061645508,29.60259437561035,230.6249542236328,TRUE
2016_08,3,1,0,4,57,12.5,37.5,625,TRUE
2016_08,0,0,0,0,0,0,0,0,TRUE
2016_08,37.97987747192383,29.823820114135742,0,10.686589241027832,65.18682098388672,29.26459312438965,40.62861251831055,32.74307632446289,TRUE
2016_08,27.066314697265625,64.55059051513672,0,10.538881301879883,67.461151123046875,51.240814208984375,27.997642517089844,53.806453704833984,TRUE
2016_08,20.4530029296875,67.37093353271484,0,10.672272682189941,68.35218048095703,59.489253997802734,22.9105167388916,52.556392669677734,TRUE
2016_07,36.21310806274414,35.52924728393555,0,10.658382415771484,66.12217712402344,33.41204833984375,37.70392608642578,71.63194274902344,TRUE
2016_06,13.952820777893066,44.69306564331055,0,9.527936935424805,60.104427337646484,51.53683090209961,21.671232223510742,78.07368469238281,TRUE
2016_05,59.01325988769531,38.39301300048828,0,13.090825080871582,121.15636444091797,35.425437927246094,48.409420013427734,23.56561851501465,TRUE
2016_04,2.596451997756958,55.01316452026367,0,9.172186851501465,62.172019958496094,92.13164520263672,6.184667587280273,4.113740921020508,TRUE
2016_03,10.122244834899902,45.68217849731445,0,9.258184432983398,74.20284271240234,67.19884490966797,17.65578269958496,29.390613555908203,TRUE
2016_02,11.247480392456055,22.60861587524414,0,6.685609817504883,46.551788330078125,36.74432373046875,24.244335174560547,96.36551666259766,TRUE
2016_01,12.915349960327148,23.2177734375,0,6.98449182510376,60.78516387939453,52.76471710205078,22.741336822509766,51.64917755126953,TRUE
2017_01,29.888790130615234,56.42342758178711,0,12.518722534179687,117.21923828125,58.43654251098633,27.97488784790039,22.08685302734375,TRUE
2017_01,17.92665672302246,67.41021728515625,0,12.064358711242676,108.93248748779297,70.488494873046875,18.567306518554687,19.60618782043457,TRUE
2017_01,17.05927085876465,53.89687728881836,0,11.08085823059082,102.7974853515625,67.435333251953125,23.340883255004883,18.41214370727539,TRUE
2017_02,5,24,0,6,52,72.7272720336914,15.15151596069336,36.7309455871582,TRUE
2017_02,18.040752410888672,41.71061325073242,0,8.675474166870117,86.46385955810547,56.824012756347656,25.17447853088379,28.868976593017578,TRUE
2017_02,22.974634170532227,57.913238525390625,0,11.711614608764648,96.63338470458984,56.816158294677734,23.082014083862305,23.518083572387695,TRUE
2017_02,15.376982688903809,20.94245719909668,0,9,119.15179443359375,37.09442138671875,27.33572769165039,63.75712966918945,TRUE
2017_03,21.1372013092041,34.00892639160156,0,10.173035621643066,102.29877471923828,43.79006576538086,28.19225311279297,39.77296447753906,TRUE
2017_03,19.80259895324707,51.0080451965332,0,10.573501586914063,101.31983184814453,54.70608139038086,23.750577926635742,29.080659866333008,TRUE
2017_03,15.347857475280762,23.38960075378418,0,9.11617660522461,89.67577362060547,45.208553314208984,28.69286346435547,56.78828048706055,TRUE
2017_03,0,0,0,0,0,0,0,0,TRUE
2017_03,21,69,0,9,93,72.63157653808594,22.105262756347656,5.540165901184082,TRUE
2017_04,28.43956756591797,63.802772521972656,0,13.109687805175781,96.16788482666016,56.469512939453125,24.71700668334961,18.132110595703125,TRUE
2017_04,27.975961685180664,60.3267936706543,0,12.63596248626709,94.74469757080078,54.108673095703125,24.288808822631836,21.647809982299805,TRUE
2017_05,27.106651306152344,110.50752258300781,0,14.488242149353027,125.61087036132812,67.3803939819336,19.3400821685791,11.007392883300781,TRUE
2017_06,28.28804588317871,20.954410552978516,0,9.89281177520752,75.02603912353516,28.288448333740234,37.69841384887695,46.653812408447266,TRUE
2017_07,120.73419952392578,139.07972717285156,0,19.669944763183594,84.82524871826172,51.75701141357422,43.312721252441406,3.110015630722046,TRUE
2017_08,13.013751983642578,54.650962829589844,0.0386604480445385,7.352937698364258,32.43219757080078,42.550472259521484,9.1297607421875,3227.43798828125,TRUE
2017_09,46.155452728271484,75.87831115722656,0.6129423379898071,11.197688102722168,42.57362365722656,57.783782958984375,28.93614387512207,107.4815902709961,TRUE
2021_01,32.28059387207031,63.50495147705078,0,12.196366310119629,110.864990234375,51.639869689941406,27.007978439331055,24.943662643432617,TRUE
2021_02,29.828927993774414,78.28946685791016,0,13.515538215637207,88.86151885986328,63.2166748046875,22.91392707824707,13.353608131408691,TRUE
2021_02,31.09283447265625,75.1792984008789,0,13.736947059631348,100.82562255859375,61.01776885986328,23.531831741333008,13.865761756896973,TRUE
2021_03,35.527183532714844,104.74464416503906,0,15.645387649536133,109.9810562133789,69.8546142578125,23.91908836364746,4.158772945404053,TRUE
2021_04,20.619123458862305,78.5724105834961,0,13.05216121673584,73.70002746582031,72.62213134765625,15.697239875793457,8.792278289794922,TRUE
2021_05,102.24087524414062,39.093502044677734,0,12.814474105834961,75.24871063232422,26.366758346557617,58.81952667236328,12.4589204788208,TRUE
2021_06,33.52547073364258,63.5591926574707,0,11.5989351272583,87.52803802490234,59.345977783203125,29.55347442626953,15.932310104370117,TRUE
2021_07,14.994704246520996,141.0390625,0,15.603092193603516,99.46822357177734,87.32872009277344,9.2916107177734375,2.909492254257202,TRUE
2021_07,5.201216697692871,37.4939079284668,0,6.198968410491943,46.74162673950195,84.4041976928711,5.923239707946777,64.92400360107422,TRUE
2021_08,15.66085147857666,53.442352294921875,0,10.486480712890625,101.4209976196289,69.96376037597656,18.49661636352539,18.23934555053711,TRUE
2021_08,37.54289627075195,46.398719787597656,0,12.057229042053223,97.82145690917969,49.24029541015625,37.77970886230469,6.286952972412109,TRUE
2021_08,15.577950477600098,77.1622314453125,0,12.349222183227539,106.72118377685547,80.2398681640625,14.666184425354004,6.091519355773926,TRUE
2021_09,4.606484413146973,113.34683227539062,0,13.118460655212402,105.34764862060547,94.42473602294922,3.9118144512176514,3.5265936851501465,TRUE
2021_09,7.804302215576172,115.44390869140625,0,12.48692512512207,97.64081573486328,93.0474624633789,5.381822109222412,3.2289793491363525,TRUE
2021_09,4.28751802444458,121.9608383178711,0,13.532461166381836,106.42849731445312,94.73722839355469,3.46118426322937,4.223986625671387,TRUE
2021_09,2.080451250076294,121.87809753417969,0,13.057295799255371,107.70848083496094,93.87200164794922,4.751367092132568,6.347644329071045,TRUE
2021_10,39.05084991455078,105.21194458007812,1.1383734941482544,13.78117847442627,65.31542205810547,73.126922607421875,20.586454391479492,8.044333457946777,TRUE
2022_01,16.806114196777344,63.893802642822266,0,12.161090850830078,101.35443878173828,67.240570068359375,19.19129180908203,17.586286544799805,TRUE
2022_02,35.66300582885742,146.53134155273437,0,16.653989791870117,98.21150970458984,79.9154052734375,18.175098419189453,1.0533889532089233,TRUE
2022_03,18.60641098022461,36.10930252075195,0,6.338207244873047,35.31938552856445,47.920711517333984,26.0345458984375,230.4042510986328,TRUE
2022_04,40.05552673339844,92.38053894042969,0,13.617895126342773,68.246734619140625,60.38747787475586,25.097379684448242,13.101665496826172,TRUE
2020_01,113.73307037353516,87.71378326416016,0.3136843740940094,18.160547256469727,71.03514099121094,43.27454376220703,50.74943923950195,3.240858793258667,TRUE
2020_02,38.22401809692383,100.03495025634766,0.8131130337715149,13.486520767211914,108.63488006591797,73.00933837890625,23.04464340209961,3.087616443634033,TRUE
2020_03,22.132490158081055,75.67733001708984,0,9.735114097595215,48.96607971191406,62.06049728393555,19.553089141845703,188.84051513671875,TRUE
2020_04,36.78754806518555,112.26130676269531,0,14.986199378967285,87.79048919677734,74.076751708984375,22.305099487304688,2.518918514251709,TRUE
2020_04,14.435399055480957,59.53857421875,0,9.257616996765137,56.761470794677734,66.49486541748047,12.66618537902832,79.492401123046875,TRUE
2020_04,42.21257400512695,90.9576187133789,0,13.115872383117676,71.97502136230469,69.2188949584961,28.10221290588379,2.227254629135132,TRUE
2020_05,31.26351547241211,79.41001892089844,0,12.947639465332031,91.92899322509766,69.67350769042969,24.034526824951172,4.993320941925049,TRUE
2020_06,3.5776121616363525,4.724437713623047,0,1.1154720783233643,13.603196144104004,61.2193603515625,25.126665115356445,111.1861801147461,TRUE
2020_07,39.5249137878418,158.430908203125,0,16.337095260620117,97.34784698486328,73.29803466796875,18.707721710205078,7.474696636199951,TRUE
2020_08,11.806074142456055,75.311676025390625,0,10.754400253295898,76.785125732421875,75.96302795410156,12.991812705993652,12.796012878417969,TRUE
2020_09,21.61370277404785,60.02163314819336,0,10.389946937561035,68.500457763671875,65.48609924316406,23.599037170410156,9.902164459228516,TRUE
2019_01,44.948387145996094,31.976369857788086,12.997184753417969,10.22902774810791,38.221858978271484,23.570852279663086,34.76936721801758,306.43536376953125,TRUE
2019_01,49.380252838134766,20.922964096069336,20.481355667114258,11.208588600158691,40.81392288208008,18.357378005981445,31.540891647338867,100.14178466796875,TRUE
2019_01,28.249422073364258,8.736042022705078,16.043607711791992,11.808721542358398,39.01453399658203,9.815776824951172,27.39049530029297,62.116172790527344,TRUE
2019_02,99.611907958984375,78.42704010009766,0.4191894233226776,16.05820655822754,67.37645721435547,45.15961837768555,48.17601013183594,8.710585594177246,TRUE
2019_03,80.946868896484375,68.08673858642578,0,12.76891803741455,51.516204833984375,47.7374153137207,38.13791275024414,58.13389587402344,TRUE
2019_04,57.065128326416016,114.675048828125,0.10484157502651215,14.739143371582031,72.49825286865234,68.96665954589844,26.373210906982422,24.663902282714844,TRUE
2019_05,61.627586364746094,82.811126708984375,0.03505517169833183,12.456975936889648,51.228511810302734,59.730186462402344,27.596450805664063,17.67580223083496,TRUE
2019_06,16.79552459716797,89.02141571044922,0.0335313081741333,12.700822830200195,99.373046875,79.915985107421875,14.593289375305176,5.19687557220459,TRUE
2018_01,91.01517486572266,88.84773254394531,1.1164661645889282,16.38646697998047,61.966800689697266,47.662109375,43.46796417236328,4.905378341674805,TRUE
2018_02,66.917724609375,99.77692413330078,3.557511568069458,16.66048240661621,69.76057434082031,54.387977600097656,31.21644401550293,11.748356819152832,TRUE
2018_03,19.353734970092773,13.939200401306152,1.0175303220748901,3.9189789295196533,18.465476989746094,44.730037689208984,36.09520721435547,16.319597244262695,TRUE
2019_04,36.14686584472656,53.500152587890625,0,9.133703231811523,34.390995025634766,50.06492614746094,27.228984832763672,605.77166748046875,TRUE
2018_05,38.21213912963867,44.35069274902344,0,8.564302444458008,39.82822036743164,51.00944519042969,27.105636596679688,355.3721618652344,TRUE
2018_06,41.192100524902344,50.253517150878906,0,9.020977973937988,36.59770202636719,46.8909912109375,32.13921356201172,238.04696655273438,TRUE
2018_07,62.227664947509766,87.99925231933594,0,13.232574462890625,56.971988677978516,61.677276611328125,33.93984603881836,8.456168174743652,TRUE
2018_08,63.576560974121094,127.50426483154297,0,15.35623836517334,70.01905059814453,68.0576400756836,27.68618392944336,4.809898376464844,TRUE
2018_10,36.403419494628906,92.95452117919922,0,12.254501342773437,56.538509368896484,65.97924041748047,24.905078887939453,46.67353057861328,TRUE
2018_11,97.47745513916016,68.84162902832031,0,14.210650444030762,54.71653366088867,40.464168548583984,48.362178802490234,8.131946563720703,TRUE
2018_11,65.22771453857422,89.51800537109375,0,15.260119438171387,75.93275451660156,51.374629974365234,32.34895706176758,168.3997039794922,TRUE
2018_11,53.796485900878906,62.0543327331543,0,12.064164161682129,58.43748092651367,47.266387939453125,33.793617248535156,25.212629318237305,TRUE
2018_12,51.61476516723633,96.38899993896484,0,13.640596389770508,63.47822570800781,57.4597282409668,28.914289474487305,21.552961349487305,TRUE
2018_13,7.583895683288574,56.78194046020508,0,7.669703006744385,59.40683364868164,78.68183898925781,15.025657653808594,112.04753875732422,TRUE
2018_14,6.26832914352417,44.2333869934082,0,9.165592193603516,96.82098388671875,83.55216979980469,9.404350280761719,25.966596603393555,TRUE
2018_15,14.729166984558105,80.76642608642578,0,12.127197265625,86.07696533203125,80.884521484375,12.2432279586792,7.242284297943115,TRUE
2018_16,48.660552978515625,90.1889877319336,0,14.778553009033203,98.841552734375,63.32777404785156,30.077085494995117,3.3289170265197754,TRUE
2018_17,46.12469482421875,81.651763916015625,0,13.948121070861816,79.523590087890625,56.43968963623047,29.375585556030273,5.432706356048584,TRUE
2018_18,9.629003524780273,62.1510124206543,0,6.900635242462158,44.75741958618164,83.63790130615234,10.714635848999023,18.238096237182617,TRUE
2018_19,33.44023895263672,122.57781219482422,0,14.821213722229004,85.52210998535156,74.27752685546875,22.306364059448242,2.682854175567627,TRUE
2018_20,34.624149322509766,50.955501556396484,0,12.128643989562988,124.30630493164062,51.82916259765625,33.79755401611328,40.309791564941406,TRUE
2018_20,39.151580810546875,48.258140563964844,0,12.372044563293457,124.91596984863281,48.69717788696289,35.96396255493164,17.337141036987305,TRUE
2018_21,6.896699905395508,52.620723724365234,0,6.450224876403809,44.466949462890625,67.0932846069336,9.801752090454102,369.89190673828125,TRUE
2018_22,49.335018157958984,110.41641998291016,0,13.19906997680664,81.532745361328125,64.55717468261719,23.25191879272461,24.591276168823242,TRUE
2018_23,51.281463623046875,96.29999542236328,0,13.238547325134277,86.30656433105469,58.327857971191406,29.424924850463867,43.88473129272461,TRUE
2018_24,116.82571411132812,31.346290588378906,0,12.629039764404297,62.71721267700195,21.65416145324707,53.48020935058594,25.554119110107422,TRUE
2018_25,32.37514877319336,53.94021987915039,0,10.19961166381836,122.20064544677734,60.741241455078125,26.391895294189453,32.035579681396484,TRUE
2018_26,53.901729583740234,85.52577209472656,0,12.698405265808105,73.43162536621094,62.96043014526367,28.58956527709961,20.372936248779297,TRUE
2018_27,56.163414001464844,119.0339126586914,0,14.875378608703613,93.93518829345703,68.53125,25.90875816345215,4.3912811279296875,TRUE
2018_28,24.071657180786133,68.03941345214844,0,10.54175090789795,76.67577362060547,65.132720947265625,27.444067001342773,13.321253776550293,TRUE
2018_29,18.282901763916016,25.29340934753418,0,7.5211968421936035,66.25328826904297,34.8881721496582,36.94684982299805,222.17921447753906,TRUE
2018_30,18.280046463012695,17.051544189453125,0,6.752696990966797,61.67512893676758,21.611143112182617,38.343223571777344,157.80679321289062,TRUE
2018_31,11.341405868530273,48.587337493896484,0,8.511685371398926,55.038658142089844,70.8791275024414,14.591931343078613,66.30034637451172,TRUE
2018_32,23.21803855895996,59.991695404052734,0,11.209310531616211,89.68875885009766,69.34851837158203,22.34499168395996,17.17743682861328,TRUE
2018_33,1.8318099975585937,34.07807922363281,0,4.040303707122803,23.1752986907959,93.02887725830078,2.6298182010650635,58.818397521972656,TRUE
2018_34,14.329607009887695,72.27101135253906,0,10.563937187194824,68.66227722167969,75.88050079345703,13.682775497436523,15.242823600769043,TRUE
2018_35,15.424064636230469,61.41947555541992,0,11.420744895935059,90.99304962158203,71.58592987060547,16.61324691772461,21.985088348388672,TRUE
2018_36,5.1903839111328125,22.21887969970703,0,5.885868549346924,59.15673065185547,65.28404235839844,16.05921745300293,74.56938171386719,TRUE
2018_37,19.960559844970703,51.0995979309082,0,10.430511474609375,91.09321594238281,55.48372268676758,24.556591033935547,36.96467208862305,TRUE
2018_38,14.44963550567627,46.4494743347168,0,10.09188461303711,96.99207305908203,55.14702606201172,21.76185417175293,40.71558380126953,TRUE
2018_38,16.993043899536133,72.54792022705078,0,12.190190315246582,92.16284942626953,64.97313690185547,18.0926570892334,19.537200927734375,TRUE
2018_39,5.318780422210693,12.455649375915527,0,6.832449913024902,32.93574905395508,22.01289176940918,11.543133735656738,86.05037689208984,TRUE
2018_39,3.8045413494110107,14.021410942077637,0,6.710434913635254,29.884601593017578,22.42131805419922,7.654278755187988,50.03529739379883,TRUE
2018_40,26.79330062866211,77.1863021850586,0,12.129135131835938,64.81475830078125,66.588409423828125,20.85865020751953,10.444842338562012,TRUE
2018_41,15.861980438232422,73.89423370361328,0,11.516654014587402,70.4878158569336,74.03056335449219,14.289029121398926,15.247547149658203,TRUE
2018_42,17.686763763427734,55.721595764160156,0,11.242325782775879,79.994476318359375,58.013362884521484,19.105894088745117,40.015525817871094,TRUE
2018_43,28.002338409423828,70.70415496826172,0,12.42638111114502,91.60896301269531,54.60931396484375,22.76811408996582,21.498271942138672,TRUE
2018_44,27.611459732055664,86.24860382080078,0,13.577722549438477,109.82884979248047,57.512882232666016,21.902063369750977,22.761213302612305,TRUE
2018_45,14.218647956848145,32.216331481933594,0,8.000986099243164,79.99579620361328,50.9149169921875,29.79269790649414,62.459232330322266,TRUE
2018_46,58.393428802490234,51.3444938659668,0,12.722099304199219,111.68755340576172,38.488712310791016,41.65440368652344,18.614221572875977,TRUE
2018_47,5.244602203369141,16.463645935058594,0,4.479887962341309,48.02352523803711,66.32434844970703,24.174776077270508,63.93196105957031,TRUE
2018_48,23.780675888061523,41.47758865356445,0,8.857712745666504,93.67626953125,50.83649826049805,29.254724502563477,33.565093994140625,TRUE
2018_49,25.691776275634766,30.577245712280273,0,9.652981758117676,121.17861938476562,42.31016159057617,39.448387145996094,62.142242431640625,TRUE
2018_50,26.576175689697266,41.941505432128906,0,11.838525772094727,160.9751739501953,51.92400360107422,34.92500686645508,21.712753295898438,TRUE
2018_51,31.004413604736328,35.78078079223633,0,11.560014724731445,127.78803253173828,45.28743362426758,40.582298278808594,21.380996704101563,TRUE
2018_52,11.97268009185791,45.35383605957031,0,7.666160583496094,55.50517272949219,77.17235565185547,11.437030792236328,24.488040924072266,TRUE
2018_53,22.82854461669922,108.8136215209961,0,13.96219539642334,89.55561828613281,80.48138427734375,13.468772888183594,6.30033540725708,TRUE
2018_54,22.76871681213379,42.14156723022461,0,9.188815116882324,76.59754180908203,66.11869049072266,21.941173553466797,16.810388565063477,TRUE
2018_55,6.8924736976623535,56.84626770019531,0,8.86945915222168,73.6037368774414,86.088623046875,7.874017238616943,10.044726371765137,TRUE
2018_55,2.8360280990600586,43.74409866333008,0,8.720257759094238,79.69194793701172,81.83222198486328,9.421785354614258,10.591873168945313,TRUE
2018_55,1,15,0,4,68,93.75,6.250000476837158,0,TRUE
2018_55,0,0,0,0,0,0,0,0,TRUE
2018_55,0.1386297196149826,15.658559799194336,0,5.046209812164307,70.04486083984375,92.92154693603516,1.1009427309036255,35.92205047607422,TRUE
2018_56,19.17804527282715,60.56364440917969,0,9.769960403442383,73.89385223388672,77.45516204833984,15.07522201538086,7.636780261993408,TRUE
2018_57,28.503498077392578,49.88147735595703,0,8.491250038146973,48.933082580566406,52.743656158447266,27.30014991760254,42.912696838378906,TRUE
2018_58,23.98546028137207,75.801361083984375,0,9.77381420135498,53.165409088134766,73.32806396484375,18.797529220581055,13.70711612701416,TRUE
2018_59,22.497438430786133,71.48406219482422,0,8.964669227600098,49.44196701049805,72.09920501708984,20.33608055114746,15.926586151123047,TRUE
2014_01,53.227989196777344,106.01914978027344,0.14537313580513,13.718670845031738,61.74894332885742,63.026424407958984,25.18999481201172,15.098514556884766,TRUE
2016_11,25.363298416137695,123.68051147460937,0,14.088211059570313,76.81769561767578,80.51300811767578,16.66693115234375,2.9962899684906006,FALSE
2016_11,64.7640151977539,105.80658721923828,0,15.148758888244629,84.2833023071289,63.433555603027344,32.90469741821289,2.7614622116088867,FALSE
2016_11,61.71015548706055,112.12189483642578,0,16.999608993530273,86.65287017822266,67.409881591796875,28.604530334472656,2.20310378074646,FALSE
2016_10,31.966991424560547,64.05744934082031,0,11.239094734191895,72.53791809082031,58.803123474121094,28.13947868347168,28.602474212646484,FALSE
2016_10,29.86212921142578,63.31650924682617,0,10.732582092285156,63.35359191894531,66.5601806640625,24.617637634277344,21.857023239135742,FALSE
2016_09,10.005813598632812,2.620637893676758,0,5.604382038116455,52.538761138916016,10.511380195617676,46.352054595947266,185.06112670898437,FALSE
2016_09,5.179533958435059,15.000959396362305,0,4.630082130432129,53.813446044921875,40.97077941894531,27.823816299438477,247.1940155029297,FALSE
2016_09,30.056859970092773,12.52158260345459,0,6.617038249969482,62.8641242980957,30.796607971191406,40.199851989746094,132.46444702148437,FALSE
2016_09,14.83519172668457,42.19761276245117,0,8.590254783630371,58.77980422973633,46.50886154174805,31.320858001708984,73.51300811767578,FALSE
2016_09,20.688295364379883,78.073486328125,0,13.002157211303711,92.41827392578125,73.4601821899414,20.278715133666992,5.50307035446167,FALSE
2016_09,15.94338321685791,22.181142807006836,0,6.919315338134766,56.259071350097656,36.23727035522461,36.12605667114258,65.01604461669922,FALSE
2016_09,6.861403465270996,15.704402923583984,0,5.769522666931152,52.17132568359375,39.98908996582031,28.577621459960937,198.34104919433594,FALSE
2016_09,6.843231201171875,32.09503173828125,0,6.820929527282715,59.64655303955078,58.22378921508789,15.935193061828613,159.0659637451172,FALSE
2016_09,7.76593017578125,4.313552379608154,0,4.514712810516357,53.9428596496582,17.80118751525879,46.99069595336914,292.9375,FALSE
2016_09,4.270939826965332,3.096900463104248,0,3.6615872383117676,45.093833923339844,22.949790954589844,29.797746658325195,390.9008483886719,FALSE
2016_09,11.894158363342285,9.4081392288208,0,5.574256420135498,54.16379165649414,22.108015060424805,41.00080108642578,204.7919921875,FALSE
2016_09,21.84493064880371,1.753797173500061,0,4.507594585418701,36.784175872802734,6.327654838562012,61.504859924316406,192.32508850097656,FALSE
2016_09,3,1,0,3,30,10,30.000001907348633,600.0001220703125,FALSE
2016_09,21.756107330322266,32.799312591552734,0,9.114880561828613,60.40163040161133,33.77048110961914,32.56547546386719,44.221309661865234,FALSE
2016_09,26.78553581237793,40.14675521850586,0,9.50061321258545,60.33418655395508,44.21147537231445,29.378679275512695,74.860595703125,FALSE
2016_08,66.19810485839844,108.16954803466797,0,13.46794605255127,76.62635040283203,53.844627380371094,33.91952133178711,33.162010192871094,FALSE
2016_08,17.436655044555664,25.637351989746094,0,8.860186576843262,55.029476165771484,34.059505462646484,25.385066986083984,75.94458770751953,FALSE
2016_08,24.918975830078125,16.739505767822266,0,8.8484525680542,50.14303970336914,27.239423751831055,40.79548263549805,53.927406311035156,FALSE
2016_08,18,40,0,10,76,56.33803176879883,25.35211181640625,21.821067810058594,FALSE
2016_08,35.49181365966797,52.33449935913086,0,11.726378440856934,65.798553466796875,42.15837860107422,34.803585052490234,23.04747200012207,FALSE
2016_08,29.026620864868164,79.1752700805664,0,12.015546798706055,69.88151550292969,59.05228042602539,27.16452980041504,19.80938148498535,FALSE
2016_08,14.886775970458984,45.9126091003418,0,8.125578880310059,60.6148567199707,50.864437103271484,28.75572967529297,93.69810485839844,FALSE
2016_07,38.61553192138672,63.648719787597656,0,12.389598846435547,76.75321197509766,53.31475067138672,30.926780700683594,20.492733001708984,FALSE
2016_06,30.301197052001953,55.79767608642578,0,10.384377479553223,70.71349334716797,50.218387603759766,28.327123641967773,50.13282012939453,FALSE
2016_05,51.80428695678711,39.167198181152344,0,12.286097526550293,117.4962158203125,41.43061065673828,42.022884368896484,27.41032600402832,FALSE
2016_04,14.659303665161133,72.0638427734375,0,10.444669723510742,71.147796630859375,84.0889663696289,11.906083106994629,14.879091262817383,FALSE
2016_03,13.1183443069458,56.074859619140625,0,10.657206535339355,86.9599609375,68.48216247558594,18.239730834960938,24.573226928710938,FALSE
2016_02,19.938880920410156,53.912818908691406,0,9.473307609558105,70.61051940917969,61.77522659301758,22.48066520690918,21.158554077148437,FALSE
2016_01,14.745394706726074,21.061511993408203,0,6.708414077758789,57.41814422607422,43.34606170654297,28.73122215270996,60.38264846801758,FALSE
2017_01,23.67062759399414,44.885257720947266,0,10.483731269836426,95.04266357421875,56.78492736816406,26.312644958496094,74.76051330566406,FALSE
2017_01,14.315914154052734,56.13629913330078,0,10.329790115356445,86.4176025390625,63.21645736694336,21.01568603515625,49.43783950805664,FALSE
2017_01,9.296809196472168,63.69853591918945,0,10.940683364868164,105.54474639892578,78.4027099609375,15.065743446350098,14.04638385772705,FALSE
2017_02,5.664245128631592,24.553537368774414,0,6.332122802734375,55.09981155395508,71.09685516357422,15.90969467163086,37.09285354614258,FALSE
2017_02,15.97213363647461,30.105676651000977,0,7.824362277984619,77.56855773925781,52.815223693847656,25.984556198120117,45.539337158203125,FALSE
2017_02,26.809734344482422,43.57312774658203,0,10.72923469543457,102.34148406982422,47.85842514038086,31.008197784423828,33.92524719238281,FALSE
2017_02,17.37384796142578,33.058448791503906,0,9.606283187866211,106.70137023925781,44.626136779785156,25.054792404174805,45.48810577392578,FALSE
2017_03,23.15323829650879,34.26023483276367,0,9.48935317993164,100.86417388916016,43.549156188964844,30.78299331665039,35.35835647583008,FALSE
2017_03,25.88900375366211,42.24418258666992,0,9.6914644241333,98.73793029785156,49.58346939086914,30.191408157348633,27.29742431640625,FALSE
2017_03,24.320755004882813,30.934648513793945,0,8.87656307220459,96.8056640625,43.7432861328125,32.58362579345703,39.7630500793457,FALSE
2017_03,21,69,0,9,93,72.63157653808594,22.105262756347656,5.540165901184082,FALSE
2017_04,33.56726837158203,44.10075378417969,0,11.879480361938477,105.28562927246094,46.87338638305664,31.477018356323242,28.36809539794922,FALSE
2017_04,27.1733341217041,55.72309494018555,0,11.96838665008545,97.7394027709961,54.153404235839844,25.919536590576172,21.224414825439453,FALSE
2017_05,24.077390670776367,57.671600341796875,0,10.46284008026123,93.71360778808594,53.18281173706055,26.34227180480957,37.75736999511719,FALSE
2017_06,12.379179000854492,19.319059371948242,0,6.908890724182129,56.218650817871094,40.42616653442383,25.592832565307617,70.75250244140625,FALSE
2017_07,84.01250457763672,96.3582534790039,0,15.91508674621582,67.95465850830078,50.06980895996094,38.52683639526367,12.12976360321045,FALSE
2017_08,10.563179969787598,28.387758255004883,0,4.379138946533203,20.746875762939453,33.22996520996094,6.8590874671936035,1686.3948974609375,FALSE
2017_09,45.83388900756836,69.93074035644531,1.4621700048446655,11.598922729492188,43.86506271362305,50.06268310546875,28.009662628173828,215.14772033691406,FALSE
2021_01,9.85616397857666,21.828569412231445,0,5.737642288208008,53.08381652832031,51.83700942993164,22.982351303100586,189.24256896972656,FALSE
2021_02,19.759952545166016,50.83087158203125,0,10.876906394958496,82.93061828613281,55.413719177246094,20.665056228637695,33.253780364990234,FALSE
2021_02,30.750688552856445,64.95368957519531,0,12.875511169433594,100.70846557617187,55.28853988647461,25.562652587890625,22.873441696166992,FALSE
2021_03,32.74708557128906,74.08780670166016,0,12.104744911193848,94.14402770996094,65.000579833984375,25.073802947998047,58.63285827636719,FALSE
2021_04,12.29033088684082,40.144775390625,0,7.558425426483154,48.29052734375,74.85923767089844,15.78430461883545,54.00527572631836,FALSE
2021_05,82.60343933105469,32.495323181152344,0,10.721556663513184,63.75318908691406,26.583513259887695,52.70734405517578,17.160905838012695,FALSE
2021_06,28.158405303955078,47.33845520019531,0,9.80752182006836,78.09706115722656,54.31802749633789,31.258636474609375,24.426054000854492,FALSE
2021_07,13.614852905273438,51.049320220947266,0,6.711526870727539,41.21207809448242,79.68853759765625,10.503999710083008,191.2984161376953,FALSE
2021_07,17.79631805419922,95.537567138671875,0,12.862239837646484,81.91624450683594,81.6593017578125,11.531295776367188,14.593881607055664,FALSE
2021_08,15.4627103805542,34.92104721069336,0,9.69189167022705,96.44889068603516,59.17437744140625,22.710311889648438,35.137630462646484,FALSE
2021_08,21.40347671508789,29.42610740661621,0,8.6702117919921875,94.73670959472656,50.48573303222656,30.371000289916992,25.975975036621094,FALSE
2021_08,13.638614654541016,54.41855239868164,0,9.95451545715332,97.640411376953125,78.64897918701172,15.037806510925293,9.12867546081543,FALSE
2021_09,6.538867950439453,79.78018951416016,0,10.688078880310059,80.7399673461914,87.88639831542969,8.157648086547852,8.777215957641602,FALSE
2021_09,3.772029161453247,58.93335723876953,0,7.6324615478515625,61.80384063720703,84.76444244384766,7.2781758308410645,25.361083984375,FALSE
2021_09,4.6502685546875,120.56808471679687,0,13.02641487121582,97.06193542480469,91.55012512207031,3.9886560440063477,11.51829719543457,FALSE
2021_09,2.400813579559326,76.30218505859375,0,8.729684829711914,66.67015075683594,63.065128326416016,34.351383209228516,11.562952041625977,FALSE
2021_10,37.732177734375,93.861968994140625,3.158571481704712,13.575057029724121,60.98603439331055,63.47366714477539,21.79482650756836,22.591655731201172,FALSE
2022_01,17.762542724609375,52.43222427368164,0,10.6664457321167,91.1832504272461,57.89015197753906,23.275728225708008,29.754810333251953,FALSE
2022_02,77.53614807128906,108.6530990600586,0,16.561656951904297,90.83399200439453,59.238887786865234,35.97964859008789,2.0556159019470215,FALSE
2022_03,22.52182960510254,85.46092224121094,0,12.958937644958496,68.987152099609375,66.85505676269531,16.24475860595703,14.411993980407715,FALSE
2022_04,34.14978790283203,78.61566162109375,0,12.315449714660645,61.72814178466797,58.78364944458008,24.54108428955078,17.869047164916992,FALSE
2020_01,124.62635803222656,90.85015869140625,0.606660008430481,18.089515686035156,69.32709503173828,40.26155471801758,51.9600944519043,4.062504291534424,FALSE
2020_02,57.44122314453125,109.21622467041016,0.5639762282371521,14.647933006286621,107.92575073242187,68.00251007080078,28.87484359741211,2.144697666168213,FALSE
2020_03,32.18325424194336,66.873565673828125,0,10.36827564239502,48.791683197021484,53.71864700317383,28.153156280517578,174.15499877929687,FALSE
2020_04,25.776628494262695,81.36437225341797,0,12.085375785827637,75.59073638916016,75.23844146728516,18.148738861083984,13.716304779052734,FALSE
2020_04,11.4013032913208,97.86864471435547,0,11.768309593200684,76.3399887084961,82.0982894897461,7.913327217102051,80.97117614746094,FALSE
2020_04,26.286148071289063,96.99256896972656,0,13.730120658874512,89.463531494140625,77.50328063964844,18.440153121948242,3.925867795944214,FALSE
2020_05,24.061153411865234,72.02705383300781,0,12.404346466064453,86.425872802734375,70.38716888427734,19.61707878112793,9.568416595458984,FALSE
2020_06,5.196558475494385,6.388856887817383,0,1.973536491394043,23.14435577392578,58.341102600097656,25.640443801879883,131.41409301757812,FALSE
2020_07,36.54914093017578,109.697998046875,0,13.268942832946777,78.19574737548828,62.73354721069336,22.331972122192383,34.880741119384766,FALSE
2020_08,9.761716842651367,46.43197250366211,0,8.444650650024414,57.42552947998047,62.4027214050293,13.233354568481445,46.290771484375,FALSE
2020_09,21.816347122192383,45.33491134643555,0,9.531161308288574,74.66446685791016,59.00677490234375,26.089111328125,169.22238159179687,FALSE
2019_01,39.2829704284668,25.604900360107422,16.72382354736328,9.863422393798828,36.45930862426758,24.40684700012207,32.90392303466797,50.35466003417969,FALSE
2019_01,80.75801086425781,26.71025276184082,11.930153846740723,12.34768295288086,40.783206939697266,20.76491928100586,43.31153106689453,139.0996551513672,FALSE
2019_01,12.314606666564941,8.942635536193848,16.893747329711914,7.464664459228516,29.956378936767578,13.980238914489746,21.26839828491211,71.54878234863281,FALSE
2019_02,64.42100524902344,56.82755661010742,0.04407566785812378,11.081954956054688,48.48532485961914,49.550052642822266,38.80308532714844,71.47990417480469,FALSE
2019_03,111.35698699951172,74.9876480102539,0,15.305281639099121,59.57380676269531,41.44870376586914,48.250919342041016,36.853031158447266,FALSE
2019_04,48.38901138305664,81.56732177734375,0.48252928256988525,12.20616626739502,58.60796356201172,61.38597106933594,25.319684982299805,170.0136260986328,FALSE
2019_05,57.9327507019043,76.17174530029297,0.09818758815526962,13.459515571594238,48.1724739074707,49.67269515991211,27.090051651000977,19.046741485595703,FALSE
2019_06,23.39151954650879,89.73894500732422,0.12461664527654648,12.664473533630371,84.04844665527344,73.49138641357422,17.810302734375,7.576586723327637,FALSE
2018_01,93.06476593017578,82.18827819824219,0.7290509343147278,15.805093765258789,60.707481384277344,46.031097412109375,42.70752716064453,11.208381652832031,FALSE
2018_02,54.86612319946289,89.8218994140625,6.376834869384766,15.731595039367676,65.712066650390625,51.840301513671875,27.320213317871094,19.18610382080078,FALSE
2018_03,50.0223388671875,23.876121520996094,3.086979866027832,8.216209411621094,32.62562942504883,34.8814697265625,38.93960189819336,31.1395206451416,FALSE
2019_04,60.454505920410156,70.61176300048828,0,12.164405822753906,45.96620178222656,51.17575454711914,33.744205474853516,271.550537109375,FALSE
2018_05,55.82849884033203,52.64053726196289,0,10.621906280517578,47.00695037841797,47.76671600341797,33.6685905456543,122.16887664794922,FALSE
2018_06,57.95698928833008,70.4263916015625,0,12.387739181518555,49.387413024902344,49.03990173339844,33.21886444091797,15.157041549682617,FALSE
2018_07,86.27522277832031,66.2147216796875,0,13.369967460632324,57.80191421508789,48.03679656982422,46.54478073120117,15.064637184143066,FALSE
2018_08,69.167938232421875,96.83863830566406,0,13.884204864501953,61.48172378540039,61.4018440246582,32.08110809326172,9.114032745361328,FALSE
2018_10,65.595062255859375,99.9726791381836,0,14.525938987731934,60.33451461791992,56.581504821777344,32.458595275878906,53.21858596801758,FALSE
2018_11,87.7903823852539,76.87001037597656,0,14.195584297180176,56.88815689086914,45.57651901245117,44.49598693847656,6.454089164733887,FALSE
2018_11,66.46663665771484,75.34034729003906,0,13.250497817993164,56.49580764770508,48.04422378540039,38.31554412841797,17.173324584960937,FALSE
2018_11,56.78601837158203,65.011383056640625,0,12.099075317382813,55.702693939208984,47.26702880859375,35.80537033081055,20.948925018310547,FALSE
2018_12,40.86676788330078,86.92914581298828,0,12.584177017211914,56.15098190307617,55.918861389160156,26.85308265686035,30.753087997436523,FALSE
2018_13,6.808984756469727,52.552371978759766,0,7.534680366516113,57.66987991333008,75.82036590576172,17.99036407470703,82.99195098876953,FALSE
2018_14,6.339799880981445,43.7398567199707,0,8.790580749511719,94.09264373779297,83.62178802490234,9.399957656860352,22.464195251464844,FALSE
2018_15,8.962214469909668,63.6390380859375,0,9.953532218933105,83.1152114868164,84.42402648925781,9.49145793914795,10.489274978637695,FALSE
2018_16,50.81208419799805,86.16016387939453,0,14.35497760772705,93.35216522216797,61.62171173095703,30.167482376098633,6.268925189971924,FALSE
2018_17,49.11479949951172,84.76414489746094,0,13.636101722717285,85.2839584350586,56.38010025024414,29.86240577697754,9.197611808776855,FALSE
2018_18,24.168603897094727,55.88865661621094,0,7.878580093383789,45.92255783081055,71.83336639404297,20.625064849853516,16.50495719909668,FALSE
2018_19,38.519287109375,114.28656768798828,0,14.557656288146973,77.14762878417969,71.47418212890625,23.677461624145508,3.364086151123047,FALSE
2018_20,31.890270233154297,42.65987014770508,0,11.109315872192383,113.95220947265625,50.342491149902344,33.08139419555664,66.9337387084961,FALSE
2018_20,36.06381607055664,53.76720428466797,0,12.094711303710938,113.15290832519531,51.88614273071289,33.020442962646484,18.618335723876953,FALSE
2018_21,13.153772354125977,27.874570846557617,0,5.312986373901367,29.879053115844727,41.37668991088867,19.881454467773438,666.0230712890625,FALSE
2018_22,62.175682067871094,73.808380126953125,0,12.491394996643066,71.5987548828125,45.208526611328125,34.35544967651367,34.91822814941406,FALSE
2018_23,64.98609161376953,69.19511413574219,0,13.132768630981445,75.39713287353516,39.37481689453125,35.694705963134766,121.72112274169922,FALSE
2018_24,115.58929443359375,31.22163200378418,0,12.529011726379395,62.72101974487305,21.02960968017578,53.811309814453125,25.97170066833496,FALSE
2018_25,59.126285552978516,38.78437042236328,0,11.290085792541504,66.09497833251953,32.15001678466797,37.4917106628418,48.59745407104492,FALSE
2018_26,36.99066162109375,64.1000747680664,0,9.921074867248535,57.944488525390625,56.186275482177734,28.748472213745117,50.32736587524414,FALSE
2018_27,21.166656494140625,43.22792053222656,0,6.324227809906006,42.799407958984375,58.68171310424805,31.50639533996582,60.998924255371094,FALSE
2018_28,26.731721878051758,84.03113555908203,0,12.074884414672852,89.200714111328125,70.75318145751953,22.415058135986328,4.987120151519775,FALSE
2018_29,12.40327262878418,16.682588577270508,0,4.34999418258667,42.1467399597168,60.14358901977539,21.70689582824707,94.4868392944336,FALSE
2018_30,20.563642501831055,16.854711532592773,0,7.241182804107666,64.70642852783203,23.032846450805664,41.71344757080078,266.5989685058594,FALSE
2018_31,11.422441482543945,36.01094436645508,0,6.8568220138549805,48.27402114868164,69.57061004638672,14.907506942749023,177.3280029296875,FALSE
2018_32,22.490478515625,54.37685012817383,0,10.456877708435059,84.94969940185547,65.54656982421875,23.531309127807617,53.89280319213867,FALSE
2018_33,2.1266467571258545,29.983928680419922,0,3.599644899368286,22.604724884033203,90.316436767578125,2.2765843868255615,89.21311950683594,FALSE
2018_34,10.408085823059082,61.75878143310547,0,9.147100448608398,55.709007263183594,79.9278793334961,10.760022163391113,17.467878341674805,FALSE
2018_35,15.600586891174316,44.05632019042969,0,9.572978019714355,78.29056549072266,58.358978271484375,20.90667152404785,50.94381332397461,FALSE
2018_36,8.546648025512695,28.887954711914063,0,7.534480571746826,75.66121673583984,60.095794677734375,19.089445114135742,72.72218322753906,FALSE
2018_37,14.406759262084961,40.81625747680664,0,8.838829040527344,76.14360809326172,56.993988037109375,23.01004409790039,43.72554397583008,FALSE
2018_38,9.414464950561523,24.98130989074707,0,6.78351354598999,73.519378662109375,49.70138168334961,26.865478515625,81.727813720703125,FALSE
2018_38,17.875024795532227,48.42044448852539,0,10.728161811828613,94.4749755859375,51.51494216918945,24.792499542236328,39.6572151184082,FALSE
2018_39,8.612090110778809,40.62153244018555,0,8.817852973937988,53.77483367919922,51.64079666137695,12.51779556274414,55.27019119262695,FALSE
2018_39,6.13377046585083,21.275293350219727,0,7.2403459548950195,35.0904655456543,30.441566467285156,11.417184829711914,73.23577117919922,FALSE
2018_40,23.581378936767578,88.39336395263672,0,12.959378242492676,70.3721923828125,71.22151184082031,17.851192474365234,8.759151458740234,FALSE
2018_41,16.123003005981445,48.052032470703125,0,9.077754974365234,66.87564849853516,69.5628662109375,16.500301361083984,23.715530395507813,FALSE
2018_42,9.955352783203125,29.689817428588867,0,7.909241676330566,65.2684326171875,58.45584487915039,14.853811264038086,52.68036651611328,FALSE
2018_43,20.009309768676758,39.133018493652344,0,9.873357772827148,84.26990509033203,53.90993118286133,21.745765686035156,37.89501190185547,FALSE
2018_44,23.90849494934082,33.55366516113281,0,9.29820442199707,73.74481201171875,40.77195739746094,28.862686157226563,44.23868179321289,FALSE
2018_45,16.603839874267578,45.126319885253906,0,9.408086776733398,88.125030517578125,58.463035583496094,25.6721248626709,31.60029411315918,FALSE
2018_46,18.837509155273438,20.338788986206055,0,7.6639404296875,72.06829833984375,38.12889099121094,33.269840240478516,63.87150955200195,FALSE
2018_47,5.539945125579834,16.563701629638672,0,4.557369709014893,47.84941101074219,65.05928802490234,23.541767120361328,75.762786865234375,FALSE
2018_48,19.99186134338379,36.66817855834961,0,7.741511344909668,71.53165435791016,56.5838737487793,24.956375122070312,42.5400276184082,FALSE
2018_49,23.16292953491211,28.907747268676758,0,8.768938064575195,114.29534149169922,43.7656135559082,39.127357482910156,86.26673126220703,FALSE
2018_50,24.462194442749023,41.0638427734375,0,11.377055168151855,159.23095703125,51.81281661987305,33.02793884277344,27.47307777404785,FALSE
2018_51,26.9113712310791,25.3067569732666,0,10.649106979370117,131.67352294921875,35.93303680419922,44.31671142578125,38.38280487060547,FALSE
2018_52,12.513666152954102,39.41368865966797,0,7.9950714111328125,63.001041412353516,72.43120574951172,12.900077819824219,25.87925910949707,FALSE
2018_53,32.50564956665039,86.19151306152344,0,12.600980758666992,80.9096908569336,71.31672668457031,19.319477081298828,17.320484161376953,FALSE
2018_54,71.58953857421875,45.10768127441406,0,11.442150115966797,64.35444641113281,45.485260009765625,39.78553009033203,22.288848876953125,FALSE
2018_55,8.128887176513672,48.58029556274414,0,8.152381896972656,69.55940246582031,83.07135009765625,9.864988327026367,12.476456642150879,FALSE
2018_55,5.357532024383545,42.21316146850586,0,8.782042503356934,84.407806396484375,82.59461975097656,13.096858978271484,6.604741096496582,FALSE
2018_55,2.1875593662261963,16.593626022338867,0,5.851236343383789,78.73344421386719,85.20643615722656,11.216533660888672,17.88925552368164,FALSE
2018_55,3.912980318069458,43.71479797363281,0,9.49982738494873,108.29194641113281,78.3074951171875,14.518852233886719,32.89225387573242,FALSE
2018_56,16.502971649169922,61.76512145996094,0,9.80473518371582,74.32588958740234,76.5842056274414,13.713984489440918,8.509724617004395,FALSE
2018_57,21.395801544189453,39.881717681884766,0,7.230574607849121,44.15867614746094,50.879520416259766,29.93903923034668,104.91856384277344,FALSE
2018_58,33.702457427978516,69.192108154296875,0,10.354273796081543,52.5081787109375,60.036354064941406,26.404640197753906,26.1181583404541,FALSE
2018_59,48.54411315917969,58.44694137573242,0,9.951842308044434,52.71469497680664,53.14429473876953,35.31021499633789,21.174503326416016,FALSE
2014_01,77.46796417236328,84.12171936035156,0.26162979006767273,13.54689884185791,53.043941497802734,48.202674865722656,35.69906997680664,35.60055160522461,FALSE
2016_11,33.68558883666992,118.15785217285156,0,15.57101821899414,89.2677230834961,73.768524169921875,22.760501861572266,2.321552276611328,FALSE
2016_11,33.68558883666992,118.15785217285156,0,15.57101821899414,89.2677230834961,73.768524169921875,22.760501861572266,2.321552276611328,FALSE
2016_11,65,33,0,10.000000953674316,78,31.1320743560791,61.32075119018555,7.119970798492432,FALSE
2016_11,65,33,0,10.000000953674316,78,31.1320743560791,61.32075119018555,7.119970798492432,FALSE
2016_10,1.5869828462600708,11.776384353637695,0,3.4248952865600586,35.07533264160156,85.711273193359375,11.734131813049316,19.228336334228516,FALSE
2016_10,1.5869828462600708,11.776384353637695,0,3.4248952865600586,35.07533264160156,85.711273193359375,11.734131813049316,19.228336334228516,FALSE
2016_09,3,44,0,10,78,81.48148345947266,5.555555820465088,10.288066864013672,FALSE
2016_09,3,44,0,10,78,81.48148345947266,5.555555820465088,10.288066864013672,FALSE
2016_09,2.935499906539917,4.794164180755615,0,3.8326570987701416,39.211402893066406,36.81259536743164,22.929443359375,327.4244079589844,FALSE
2016_09,2.935499906539917,4.794164180755615,0,3.8326570987701416,39.211402893066406,36.81259536743164,22.929443359375,327.4244079589844,FALSE
2016_09,8.597516059875488,3.019124984741211,0,3.521674394607544,44.51064682006836,18.85312271118164,36.6372184753418,276.80914306640625,FALSE
2016_09,8.597516059875488,3.019124984741211,0,3.521674394607544,44.51064682006836,18.85312271118164,36.6372184753418,276.80914306640625,FALSE
2016_09,3.6496200561523438,1.025984764099121,0,3.051969528198242,30.233861923217773,9.873407363891602,31.086034774780273,585.94671630859375,FALSE
2016_09,3.6496200561523438,1.025984764099121,0,3.051969528198242,30.233861923217773,9.873407363891602,31.086034774780273,585.94671630859375,FALSE
2016_08,18,8,0,8,43,14.285715103149414,32.14285659790039,70.15306091308594,FALSE
2016_08,18,8,0,8,43,14.285715103149414,32.14285659790039,70.15306091308594,FALSE
2017_01,50.091087341308594,33.46820068359375,0,13.150508880615234,107.51818084716797,31.813175201416016,45.450233459472656,28.392255783081055,FALSE
2017_01,50.091087341308594,33.46820068359375,0,13.150508880615234,107.51818084716797,31.813175201416016,45.450233459472656,28.392255783081055,FALSE
2017_01,11.48062515258789,61.12709426879883,0,11.36982536315918,102.2431411743164,75.45408630371094,14.189557075500488,12.98104190826416,FALSE
2017_01,11.48062515258789,61.12709426879883,0,11.36982536315918,102.2431411743164,75.45408630371094,14.189557075500488,12.98104190826416,FALSE
2017_01,13.659285545349121,35.26921081542969,0,8.223549842834473,88.181549072265625,68.85236358642578,22.6754150390625,14.862666130065918,FALSE
2017_01,13.659285545349121,35.26921081542969,0,8.223549842834473,88.181549072265625,68.85236358642578,22.6754150390625,14.862666130065918,FALSE
2017_02,11,29,0,9,80,58,22,40,FALSE
2017_02,11,29,0,9,80,58,22,40,FALSE
2017_02,24.916378021240234,30.497835159301758,0,10.396692276000977,109.90103149414062,41.04161071777344,31.637508392333984,44.777244567871094,FALSE
2017_02,24.916378021240234,30.497835159301758,0,10.396692276000977,109.90103149414062,41.04161071777344,31.637508392333984,44.777244567871094,FALSE
2017_03,29.565174102783203,39.80876159667969,0,9.626069068908691,98.84776306152344,45.024810791015625,32.23555374145508,23.8950252532959,FALSE
2017_03,29.565174102783203,39.80876159667969,0,9.626069068908691,98.84776306152344,45.024810791015625,32.23555374145508,23.8950252532959,FALSE
2017_03,21,69,0,9,92.99999237060547,72.63157653808594,22.105262756347656,5.540165901184082,FALSE
2017_03,21,69,0,9,92.99999237060547,72.63157653808594,22.105262756347656,5.540165901184082,FALSE
2021_02,46.25191116333008,42.50447463989258,0,14.458378791809082,99.52783966064453,34.986656188964844,37.84335708618164,22.32149314880371,FALSE
2021_02,46.25191116333008,42.50447463989258,0,14.458378791809082,99.52783966064453,34.986656188964844,37.84335708618164,22.32149314880371,FALSE
2021_08,17.085546493530273,38.664424896240234,0,9.293907165527344,86.76142120361328,62.33419418334961,23.402042388916016,12.825236320495605,FALSE
2021_08,17.085546493530273,38.664424896240234,0,9.293907165527344,86.76142120361328,62.33419418334961,23.402042388916016,12.825236320495605,FALSE
2021_09,3,29,0,6,51.999996185302734,74.358978271484375,7.692307949066162,46.02235412597656,FALSE
2021_09,3,29,0,6,51.999996185302734,74.358978271484375,7.692307949066162,46.02235412597656,FALSE
2020_04,1,15,0,3,30,93.75,6.25,0,FALSE
2020_04,1,15,0,3,30,93.75,6.25,0,FALSE
2018_39,3,38,0,8,34,50,3.9473681449890137,24.23822784423828,FALSE
2018_39,3,38,0,8,34,50,3.9473681449890137,24.23822784423828,FALSE
2018_55,3.976541757583618,29.38213539123535,0,7.926364421844482,117.7199478149414,76.32849884033203,17.328868865966797,27.26659393310547,FALSE
2018_55,3.976541757583618,29.38213539123535,0,7.926364421844482,117.7199478149414,76.32849884033203,17.328868865966797,27.26659393310547,FALSE
