burned,key,value
1,mean_spruce,28.72638511657715
1,mean_spruce,56.56448745727539
1,mean_spruce,47.57487869262695
1,mean_spruce,21.3043212890625
1,mean_spruce,19.55950164794922
1,mean_spruce,10.103645324707031
1,mean_spruce,9.674938201904297
1,mean_spruce,5.544089317321777
1,mean_spruce,13.395679473876953
1,mean_spruce,16.839967727661133
1,mean_spruce,12.540240287780762
1,mean_spruce,4.856916904449463
1,mean_spruce,13.398749351501465
1,mean_spruce,5.7172532081604
1,mean_spruce,2.551703453063965
1,mean_spruce,6.080365180969238
1,mean_spruce,0
1,mean_spruce,27.39672088623047
1,mean_spruce,0
1,mean_spruce,21.766633987426758
1,mean_spruce,30.107280731201172
1,mean_spruce,10.48515510559082
1,mean_spruce,7.919166088104248
1,mean_spruce,3
1,mean_spruce,0
1,mean_spruce,37.8714599609375
1,mean_spruce,26.91533851623535
1,mean_spruce,18.21676254272461
1,mean_spruce,36.76911544799805
1,mean_spruce,14.426295280456543
1,mean_spruce,63.536930084228516
1,mean_spruce,2.5544590950012207
1,mean_spruce,10.122244834899902
1,mean_spruce,11.247480392456055
1,mean_spruce,12.915349960327148
1,mean_spruce,27.60497283935547
1,mean_spruce,17.540325164794922
1,mean_spruce,16.581586837768555
1,mean_spruce,5
1,mean_spruce,18.040752410888672
1,mean_spruce,23.035507202148437
1,mean_spruce,15.376982688903809
1,mean_spruce,20.56484603881836
1,mean_spruce,20.75861930847168
1,mean_spruce,15.347857475280762
1,mean_spruce,0
1,mean_spruce,21
1,mean_spruce,27.397138595581055
1,mean_spruce,28.392810821533203
1,mean_spruce,27.060354232788086
1,mean_spruce,28.28804588317871
1,mean_spruce,111.46888732910156
1,mean_spruce,5.154877185821533
1,mean_spruce,54.145450592041016
1,mean_spruce,21.047504425048828
1,mean_spruce,28.211631774902344
1,mean_spruce,29.666460037231445
1,mean_spruce,35.527183532714844
1,mean_spruce,21.54259490966797
1,mean_spruce,103.29475402832031
1,mean_spruce,33.52547073364258
1,mean_spruce,18.75694465637207
1,mean_spruce,10.202173233032227
1,mean_spruce,14.082550048828125
1,mean_spruce,37.085113525390625
1,mean_spruce,13.953524589538574
1,mean_spruce,5.049256324768066
1,mean_spruce,7.435227870941162
1,mean_spruce,3.959611654281616
1,mean_spruce,2.1992735862731934
1,mean_spruce,33.989524841308594
1,mean_spruce,16.627532958984375
1,mean_spruce,44.55755615234375
1,mean_spruce,22.23759651184082
1,mean_spruce,35.44217300415039
1,mean_spruce,122.77336883544922
1,mean_spruce,50.436466217041016
1,mean_spruce,24.278671264648437
1,mean_spruce,28.697593688964844
1,mean_spruce,12.694769859313965
1,mean_spruce,42.21257400512695
1,mean_spruce,32.36009979248047
1,mean_spruce,6.772767066955566
1,mean_spruce,43.170799255371094
1,mean_spruce,11.806074142456055
1,mean_spruce,21.399972915649414
1,mean_spruce,35.22447967529297
1,mean_spruce,64.64740753173828
1,mean_spruce,28.249422073364258
1,mean_spruce,80.30950164794922
1,mean_spruce,99.50324249267578
1,mean_spruce,55.37992477416992
1,mean_spruce,59.174434661865234
1,mean_spruce,18.101627349853516
1,mean_spruce,113.14556884765625
1,mean_spruce,54.90656661987305
1,mean_spruce,32.04898452758789
1,mean_spruce,53.6483039855957
1,mean_spruce,47.31049346923828
1,mean_spruce,47.01883316040039
1,mean_spruce,81.1401596069336
1,mean_spruce,52.22001647949219
1,mean_spruce,45.972957611083984
1,mean_spruce,81.46759796142578
1,mean_spruce,68.0331802368164
1,mean_spruce,55.62611389160156
1,mean_spruce,40.351417541503906
1,mean_spruce,6.436286926269531
1,mean_spruce,4.79299783706665
1,mean_spruce,12.466355323791504
1,mean_spruce,48.01968002319336
1,mean_spruce,47.87203598022461
1,mean_spruce,15.996381759643555
1,mean_spruce,31.22964096069336
1,mean_spruce,28.168537139892578
1,mean_spruce,37.46183776855469
1,mean_spruce,5.407837867736816
1,mean_spruce,63.509944915771484
1,mean_spruce,67.8494873046875
1,mean_spruce,100.0988998413086
1,mean_spruce,47.32551193237305
1,mean_spruce,32.69378662109375
1,mean_spruce,39.933773040771484
1,mean_spruce,24.894168853759766
1,mean_spruce,16.942359924316406
1,mean_spruce,19.644227981567383
1,mean_spruce,11.92841625213623
1,mean_spruce,21.2205867767334
1,mean_spruce,2.746103525161743
1,mean_spruce,13.576805114746094
1,mean_spruce,18.989749908447266
1,mean_spruce,6.743590354919434
1,mean_spruce,17.03583335876465
1,mean_spruce,14.44963550567627
1,mean_spruce,16.993043899536133
1,mean_spruce,5.66029167175293
1,mean_spruce,3.8045413494110107
1,mean_spruce,27.20348358154297
1,mean_spruce,16.269617080688477
1,mean_spruce,17.686763763427734
1,mean_spruce,32.36473083496094
1,mean_spruce,28.719011306762695
1,mean_spruce,14.218647956848145
1,mean_spruce,41.242576599121094
1,mean_spruce,4.985940456390381
1,mean_spruce,24.870128631591797
1,mean_spruce,23.944406509399414
1,mean_spruce,26.316987991333008
1,mean_spruce,29.463176727294922
1,mean_spruce,13.7334623336792
1,mean_spruce,21.321643829345703
1,mean_spruce,28.498273849487305
1,mean_spruce,9.396892547607422
1,mean_spruce,2.26599383354187
1,mean_spruce,1
1,mean_spruce,0
1,mean_spruce,0.1386297196149826
1,mean_spruce,14.913640975952148
1,mean_spruce,24.657258987426758
1,mean_spruce,30.714902877807617
1,mean_spruce,36.8418083190918
1,mean_spruce,72.62760925292969
0,mean_spruce,25.363298416137695
0,mean_spruce,64.7640151977539
0,mean_spruce,61.71015548706055
0,mean_spruce,31.966991424560547
0,mean_spruce,29.86212921142578
0,mean_spruce,10.005813598632812
0,mean_spruce,5.179533958435059
0,mean_spruce,30.056859970092773
0,mean_spruce,14.83519172668457
0,mean_spruce,20.688295364379883
0,mean_spruce,15.94338321685791
0,mean_spruce,6.861403465270996
0,mean_spruce,6.843231201171875
0,mean_spruce,7.76593017578125
0,mean_spruce,4.270939826965332
0,mean_spruce,11.894158363342285
0,mean_spruce,0
0,mean_spruce,21.84493064880371
0,mean_spruce,3
0,mean_spruce,21.756107330322266
0,mean_spruce,26.78553581237793
0,mean_spruce,66.19810485839844
0,mean_spruce,17.436655044555664
0,mean_spruce,24.918975830078125
0,mean_spruce,18
0,mean_spruce,35.49181365966797
0,mean_spruce,29.026620864868164
0,mean_spruce,14.886775970458984
0,mean_spruce,38.61553192138672
0,mean_spruce,30.301197052001953
0,mean_spruce,51.80428695678711
0,mean_spruce,14.659303665161133
0,mean_spruce,13.1183443069458
0,mean_spruce,19.938880920410156
0,mean_spruce,14.745394706726074
0,mean_spruce,23.67062759399414
0,mean_spruce,14.315914154052734
0,mean_spruce,9.296809196472168
0,mean_spruce,5.664245128631592
0,mean_spruce,15.97213363647461
0,mean_spruce,26.809734344482422
0,mean_spruce,17.37384796142578
0,mean_spruce,23.15323829650879
0,mean_spruce,25.88900375366211
0,mean_spruce,24.320755004882813
0,mean_spruce,0
0,mean_spruce,21
0,mean_spruce,33.56726837158203
0,mean_spruce,27.1733341217041
0,mean_spruce,24.077390670776367
0,mean_spruce,12.379179000854492
0,mean_spruce,84.01250457763672
0,mean_spruce,10.563179969787598
0,mean_spruce,45.83388900756836
0,mean_spruce,9.85616397857666
0,mean_spruce,19.759952545166016
0,mean_spruce,30.750688552856445
0,mean_spruce,32.74708557128906
0,mean_spruce,12.29033088684082
0,mean_spruce,82.60343933105469
0,mean_spruce,28.158405303955078
0,mean_spruce,13.614852905273438
0,mean_spruce,17.79631805419922
0,mean_spruce,15.4627103805542
0,mean_spruce,21.40347671508789
0,mean_spruce,13.638614654541016
0,mean_spruce,6.538867950439453
0,mean_spruce,3.772029161453247
0,mean_spruce,4.6502685546875
0,mean_spruce,2.400813579559326
0,mean_spruce,37.732177734375
0,mean_spruce,17.762542724609375
0,mean_spruce,77.53614807128906
0,mean_spruce,22.52182960510254
0,mean_spruce,34.14978790283203
0,mean_spruce,124.62635803222656
0,mean_spruce,57.44122314453125
0,mean_spruce,32.18325424194336
0,mean_spruce,25.776628494262695
0,mean_spruce,11.4013032913208
0,mean_spruce,26.286148071289063
0,mean_spruce,24.061153411865234
0,mean_spruce,5.196558475494385
0,mean_spruce,36.54914093017578
0,mean_spruce,9.761716842651367
0,mean_spruce,21.816347122192383
0,mean_spruce,39.2829704284668
0,mean_spruce,80.75801086425781
0,mean_spruce,12.314606666564941
0,mean_spruce,64.42100524902344
0,mean_spruce,111.35698699951172
0,mean_spruce,48.38901138305664
0,mean_spruce,57.9327507019043
0,mean_spruce,23.39151954650879
0,mean_spruce,93.06476593017578
0,mean_spruce,54.86612319946289
0,mean_spruce,50.0223388671875
0,mean_spruce,60.454505920410156
0,mean_spruce,55.82849884033203
0,mean_spruce,57.95698928833008
0,mean_spruce,86.27522277832031
0,mean_spruce,69.167938232421875
0,mean_spruce,65.595062255859375
0,mean_spruce,87.7903823852539
0,mean_spruce,66.46663665771484
0,mean_spruce,56.78601837158203
0,mean_spruce,40.86676788330078
0,mean_spruce,6.808984756469727
0,mean_spruce,6.339799880981445
0,mean_spruce,8.962214469909668
0,mean_spruce,50.81208419799805
0,mean_spruce,49.11479949951172
0,mean_spruce,24.168603897094727
0,mean_spruce,38.519287109375
0,mean_spruce,31.890270233154297
0,mean_spruce,36.06381607055664
0,mean_spruce,13.153772354125977
0,mean_spruce,62.175682067871094
0,mean_spruce,64.98609161376953
0,mean_spruce,115.58929443359375
0,mean_spruce,59.126285552978516
0,mean_spruce,36.99066162109375
0,mean_spruce,21.166656494140625
0,mean_spruce,26.731721878051758
0,mean_spruce,12.40327262878418
0,mean_spruce,20.563642501831055
0,mean_spruce,11.422441482543945
0,mean_spruce,22.490478515625
0,mean_spruce,2.1266467571258545
0,mean_spruce,10.408085823059082
0,mean_spruce,15.600586891174316
0,mean_spruce,8.546648025512695
0,mean_spruce,14.406759262084961
0,mean_spruce,9.414464950561523
0,mean_spruce,17.875024795532227
0,mean_spruce,8.612090110778809
0,mean_spruce,6.13377046585083
0,mean_spruce,23.581378936767578
0,mean_spruce,16.123003005981445
0,mean_spruce,9.955352783203125
0,mean_spruce,20.009309768676758
0,mean_spruce,23.90849494934082
0,mean_spruce,16.603839874267578
0,mean_spruce,18.837509155273438
0,mean_spruce,5.539945125579834
0,mean_spruce,19.99186134338379
0,mean_spruce,23.16292953491211
0,mean_spruce,24.462194442749023
0,mean_spruce,26.9113712310791
0,mean_spruce,12.513666152954102
0,mean_spruce,32.50564956665039
0,mean_spruce,71.58953857421875
0,mean_spruce,8.128887176513672
0,mean_spruce,5.357532024383545
0,mean_spruce,2.1875593662261963
0,mean_spruce,0
0,mean_spruce,3.912980318069458
0,mean_spruce,16.502971649169922
0,mean_spruce,21.395801544189453
0,mean_spruce,33.702457427978516
0,mean_spruce,48.54411315917969
0,mean_spruce,77.46796417236328
0,mean_spruce,33.68558883666992
0,mean_spruce,33.68558883666992
0,mean_spruce,65
0,mean_spruce,65
0,mean_spruce,1.5869828462600708
0,mean_spruce,1.5869828462600708
0,mean_spruce,0
0,mean_spruce,0
0,mean_spruce,3
0,mean_spruce,3
0,mean_spruce,2.935499906539917
0,mean_spruce,2.935499906539917
0,mean_spruce,8.597516059875488
0,mean_spruce,8.597516059875488
0,mean_spruce,0
0,mean_spruce,0
0,mean_spruce,3.6496200561523438
0,mean_spruce,3.6496200561523438
0,mean_spruce,18
0,mean_spruce,18
0,mean_spruce,0
0,mean_spruce,0
0,mean_spruce,50.091087341308594
0,mean_spruce,50.091087341308594
0,mean_spruce,11.48062515258789
0,mean_spruce,11.48062515258789
0,mean_spruce,13.659285545349121
0,mean_spruce,13.659285545349121
0,mean_spruce,11
0,mean_spruce,11
0,mean_spruce,24.916378021240234
0,mean_spruce,24.916378021240234
0,mean_spruce,0
0,mean_spruce,0
0,mean_spruce,29.565174102783203
0,mean_spruce,29.565174102783203
0,mean_spruce,0
0,mean_spruce,0
0,mean_spruce,0
0,mean_spruce,0
0,mean_spruce,21
0,mean_spruce,21
0,mean_spruce,46.25191116333008
0,mean_spruce,46.25191116333008
0,mean_spruce,17.085546493530273
0,mean_spruce,17.085546493530273
0,mean_spruce,3
0,mean_spruce,3
0,mean_spruce,0
0,mean_spruce,0
0,mean_spruce,1
0,mean_spruce,1
0,mean_spruce,0
0,mean_spruce,0
0,mean_spruce,3
0,mean_spruce,3
0,mean_spruce,0
0,mean_spruce,0
0,mean_spruce,0
0,mean_spruce,0
0,mean_spruce,3.976541757583618
0,mean_spruce,3.976541757583618
0,mean_spruce,0
1,mean_pine,142.8531494140625
1,mean_pine,114.3821792602539
1,mean_pine,118.5768051147461
1,mean_pine,53.54114532470703
1,mean_pine,53.387428283691406
1,mean_pine,3.518552541732788
1,mean_pine,16.87984275817871
1,mean_pine,5.949914932250977
1,mean_pine,25.875404357910156
1,mean_pine,56.647037506103516
1,mean_pine,20.897903442382813
1,mean_pine,2.1971449851989746
1,mean_pine,36.682674407958984
1,mean_pine,1
1,mean_pine,3.6551103591918945
1,mean_pine,1.5783932209014893
1,mean_pine,0
1,mean_pine,1.975868821144104
1,mean_pine,0
1,mean_pine,10.6592378616333
1,mean_pine,31.60979652404785
1,mean_pine,15.707550048828125
1,mean_pine,6.2620978355407715
1,mean_pine,1
1,mean_pine,0
1,mean_pine,29.746294021606445
1,mean_pine,65.050628662109375
1,mean_pine,55.935550689697266
1,mean_pine,36.60360336303711
1,mean_pine,46.01201629638672
1,mean_pine,34.06130599975586
1,mean_pine,56.09729766845703
1,mean_pine,45.68217849731445
1,mean_pine,22.60861587524414
1,mean_pine,23.2177734375
1,mean_pine,57.442665100097656
1,mean_pine,66.27002716064453
1,mean_pine,53.771480560302734
1,mean_pine,24
1,mean_pine,41.71061325073242
1,mean_pine,57.746158599853516
1,mean_pine,20.94245719909668
1,mean_pine,31.9849796295166
1,mean_pine,47.0517578125
1,mean_pine,23.38960075378418
1,mean_pine,0
1,mean_pine,69
1,mean_pine,55.749549865722656
1,mean_pine,58.598670959472656
1,mean_pine,64.41265869140625
1,mean_pine,20.954410552978516
1,mean_pine,117.0449447631836
1,mean_pine,23.124954223632813
1,mean_pine,71.637786865234375
1,mean_pine,50.29905700683594
1,mean_pine,64.83248138427734
1,mean_pine,71.22760009765625
1,mean_pine,104.74464416503906
1,mean_pine,75.67908477783203
1,mean_pine,39.44679641723633
1,mean_pine,63.5591926574707
1,mean_pine,140.63311767578125
1,mean_pine,61.181522369384766
1,mean_pine,46.49103546142578
1,mean_pine,45.93118667602539
1,mean_pine,74.27416229248047
1,mean_pine,101.04087829589844
1,mean_pine,108.48968505859375
1,mean_pine,107.45033264160156
1,mean_pine,121.50936126708984
1,mean_pine,101.0624008178711
1,mean_pine,62.13864517211914
1,mean_pine,134.99424743652344
1,mean_pine,46.7582893371582
1,mean_pine,77.4894027709961
1,mean_pine,85.76166534423828
1,mean_pine,97.63631439208984
1,mean_pine,84.28862762451172
1,mean_pine,111.71836853027344
1,mean_pine,64.55137634277344
1,mean_pine,90.9576187133789
1,mean_pine,75.58386993408203
1,mean_pine,9.303912162780762
1,mean_pine,149.40301513671875
1,mean_pine,75.311676025390625
1,mean_pine,51.27418899536133
1,mean_pine,22.725011825561523
1,mean_pine,22.394214630126953
1,mean_pine,8.736042022705078
1,mean_pine,69.6648178100586
1,mean_pine,69.30442810058594
1,mean_pine,107.54592895507812
1,mean_pine,82.47867584228516
1,mean_pine,91.6344985961914
1,mean_pine,78.34022521972656
1,mean_pine,95.9025650024414
1,mean_pine,22.22412109375
1,mean_pine,72.324920654296875
1,mean_pine,49.33729553222656
1,mean_pine,59.792701721191406
1,mean_pine,84.7379379272461
1,mean_pine,131.08010864257812
1,mean_pine,93.43404388427734
1,mean_pine,72.58501434326172
1,mean_pine,92.328826904296875
1,mean_pine,62.020267486572266
1,mean_pine,84.89787292480469
1,mean_pine,52.29199981689453
1,mean_pine,40.158870697021484
1,mean_pine,66.24283599853516
1,mean_pine,91.74659729003906
1,mean_pine,85.132537841796875
1,mean_pine,64.91496276855469
1,mean_pine,125.6041259765625
1,mean_pine,38.585105895996094
1,mean_pine,51.67941665649414
1,mean_pine,34.22013473510742
1,mean_pine,87.12377166748047
1,mean_pine,73.54508209228516
1,mean_pine,29.024471282958984
1,mean_pine,46.90920639038086
1,mean_pine,63.770687103271484
1,mean_pine,93.8883285522461
1,mean_pine,80.06390380859375
1,mean_pine,28.838281631469727
1,mean_pine,14.587822914123535
1,mean_pine,47.573238372802734
1,mean_pine,54.8690299987793
1,mean_pine,41.1601448059082
1,mean_pine,60.89421463012695
1,mean_pine,49.174495697021484
1,mean_pine,24.144147872924805
1,mean_pine,48.46091842651367
1,mean_pine,46.4494743347168
1,mean_pine,72.54792022705078
1,mean_pine,15.651480674743652
1,mean_pine,14.021410942077637
1,mean_pine,82.32826232910156
1,mean_pine,60.64208221435547
1,mean_pine,55.721595764160156
1,mean_pine,55.05575180053711
1,mean_pine,39.44824981689453
1,mean_pine,32.216331481933594
1,mean_pine,43.186912536621094
1,mean_pine,14.149949073791504
1,mean_pine,39.80533218383789
1,mean_pine,27.968406677246094
1,mean_pine,39.56683349609375
1,mean_pine,30.498273849487305
1,mean_pine,52.058406829833984
1,mean_pine,97.96614837646484
1,mean_pine,45.962284088134766
1,mean_pine,54.552921295166016
1,mean_pine,33.684906005859375
1,mean_pine,15
1,mean_pine,0
1,mean_pine,15.658559799194336
1,mean_pine,60.87586975097656
1,mean_pine,51.513099670410156
1,mean_pine,71.2671127319336
1,mean_pine,65.94490051269531
1,mean_pine,87.3614501953125
0,mean_pine,123.68051147460937
0,mean_pine,105.80658721923828
0,mean_pine,112.12189483642578
0,mean_pine,64.05744934082031
0,mean_pine,63.31650924682617
0,mean_pine,2.620637893676758
0,mean_pine,15.000959396362305
0,mean_pine,12.52158260345459
0,mean_pine,42.19761276245117
0,mean_pine,78.073486328125
0,mean_pine,22.181142807006836
0,mean_pine,15.704402923583984
0,mean_pine,32.09503173828125
0,mean_pine,4.313552379608154
0,mean_pine,3.096900463104248
0,mean_pine,9.4081392288208
0,mean_pine,0
0,mean_pine,1.753797173500061
0,mean_pine,1
0,mean_pine,32.799312591552734
0,mean_pine,40.14675521850586
0,mean_pine,108.16954803466797
0,mean_pine,25.637351989746094
0,mean_pine,16.739505767822266
0,mean_pine,40
0,mean_pine,52.33449935913086
0,mean_pine,79.1752700805664
0,mean_pine,45.9126091003418
0,mean_pine,63.648719787597656
0,mean_pine,55.79767608642578
0,mean_pine,39.167198181152344
0,mean_pine,72.0638427734375
0,mean_pine,56.074859619140625
0,mean_pine,53.912818908691406
0,mean_pine,21.061511993408203
0,mean_pine,44.885257720947266
0,mean_pine,56.13629913330078
0,mean_pine,63.69853591918945
0,mean_pine,24.553537368774414
0,mean_pine,30.105676651000977
0,mean_pine,43.57312774658203
0,mean_pine,33.058448791503906
0,mean_pine,34.26023483276367
0,mean_pine,42.24418258666992
0,mean_pine,30.934648513793945
0,mean_pine,0
0,mean_pine,69
0,mean_pine,44.10075378417969
0,mean_pine,55.72309494018555
0,mean_pine,57.671600341796875
0,mean_pine,19.319059371948242
0,mean_pine,96.3582534790039
0,mean_pine,28.387758255004883
0,mean_pine,69.93074035644531
0,mean_pine,21.828569412231445
0,mean_pine,50.83087158203125
0,mean_pine,64.95368957519531
0,mean_pine,74.08780670166016
0,mean_pine,40.144775390625
0,mean_pine,32.495323181152344
0,mean_pine,47.33845520019531
0,mean_pine,51.049320220947266
0,mean_pine,95.537567138671875
0,mean_pine,34.92104721069336
0,mean_pine,29.42610740661621
0,mean_pine,54.41855239868164
0,mean_pine,79.78018951416016
0,mean_pine,58.93335723876953
0,mean_pine,120.56808471679687
0,mean_pine,76.30218505859375
0,mean_pine,93.861968994140625
0,mean_pine,52.43222427368164
0,mean_pine,108.6530990600586
0,mean_pine,85.46092224121094
0,mean_pine,78.61566162109375
0,mean_pine,90.85015869140625
0,mean_pine,109.21622467041016
0,mean_pine,66.873565673828125
0,mean_pine,81.36437225341797
0,mean_pine,97.86864471435547
0,mean_pine,96.99256896972656
0,mean_pine,72.02705383300781
0,mean_pine,6.388856887817383
0,mean_pine,109.697998046875
0,mean_pine,46.43197250366211
0,mean_pine,45.33491134643555
0,mean_pine,25.604900360107422
0,mean_pine,26.71025276184082
0,mean_pine,8.942635536193848
0,mean_pine,56.82755661010742
0,mean_pine,74.9876480102539
0,mean_pine,81.56732177734375
0,mean_pine,76.17174530029297
0,mean_pine,89.73894500732422
0,mean_pine,82.18827819824219
0,mean_pine,89.8218994140625
0,mean_pine,23.876121520996094
0,mean_pine,70.61176300048828
0,mean_pine,52.64053726196289
0,mean_pine,70.4263916015625
0,mean_pine,66.2147216796875
0,mean_pine,96.83863830566406
0,mean_pine,99.9726791381836
0,mean_pine,76.87001037597656
0,mean_pine,75.34034729003906
0,mean_pine,65.011383056640625
0,mean_pine,86.92914581298828
0,mean_pine,52.552371978759766
0,mean_pine,43.7398567199707
0,mean_pine,63.6390380859375
0,mean_pine,86.16016387939453
0,mean_pine,84.76414489746094
0,mean_pine,55.88865661621094
0,mean_pine,114.28656768798828
0,mean_pine,42.65987014770508
0,mean_pine,53.76720428466797
0,mean_pine,27.874570846557617
0,mean_pine,73.808380126953125
0,mean_pine,69.19511413574219
0,mean_pine,31.22163200378418
0,mean_pine,38.78437042236328
0,mean_pine,64.1000747680664
0,mean_pine,43.22792053222656
0,mean_pine,84.03113555908203
0,mean_pine,16.682588577270508
0,mean_pine,16.854711532592773
0,mean_pine,36.01094436645508
0,mean_pine,54.37685012817383
0,mean_pine,29.983928680419922
0,mean_pine,61.75878143310547
0,mean_pine,44.05632019042969
0,mean_pine,28.887954711914063
0,mean_pine,40.81625747680664
0,mean_pine,24.98130989074707
0,mean_pine,48.42044448852539
0,mean_pine,40.62153244018555
0,mean_pine,21.275293350219727
0,mean_pine,88.39336395263672
0,mean_pine,48.052032470703125
0,mean_pine,29.689817428588867
0,mean_pine,39.133018493652344
0,mean_pine,33.55366516113281
0,mean_pine,45.126319885253906
0,mean_pine,20.338788986206055
0,mean_pine,16.563701629638672
0,mean_pine,36.66817855834961
0,mean_pine,28.907747268676758
0,mean_pine,41.0638427734375
0,mean_pine,25.3067569732666
0,mean_pine,39.41368865966797
0,mean_pine,86.19151306152344
0,mean_pine,45.10768127441406
0,mean_pine,48.58029556274414
0,mean_pine,42.21316146850586
0,mean_pine,16.593626022338867
0,mean_pine,0
0,mean_pine,43.71479797363281
0,mean_pine,61.76512145996094
0,mean_pine,39.881717681884766
0,mean_pine,69.192108154296875
0,mean_pine,58.44694137573242
0,mean_pine,84.12171936035156
0,mean_pine,118.15785217285156
0,mean_pine,118.15785217285156
0,mean_pine,33
0,mean_pine,33
0,mean_pine,11.776384353637695
0,mean_pine,11.776384353637695
0,mean_pine,0
0,mean_pine,0
0,mean_pine,44
0,mean_pine,44
0,mean_pine,4.794164180755615
0,mean_pine,4.794164180755615
0,mean_pine,3.019124984741211
0,mean_pine,3.019124984741211
0,mean_pine,0
0,mean_pine,0
0,mean_pine,1.025984764099121
0,mean_pine,1.025984764099121
0,mean_pine,8
0,mean_pine,8
0,mean_pine,0
0,mean_pine,0
0,mean_pine,33.46820068359375
0,mean_pine,33.46820068359375
0,mean_pine,61.12709426879883
0,mean_pine,61.12709426879883
0,mean_pine,35.26921081542969
0,mean_pine,35.26921081542969
0,mean_pine,29
0,mean_pine,29
0,mean_pine,30.497835159301758
0,mean_pine,30.497835159301758
0,mean_pine,0
0,mean_pine,0
0,mean_pine,39.80876159667969
0,mean_pine,39.80876159667969
0,mean_pine,0
0,mean_pine,0
0,mean_pine,0
0,mean_pine,0
0,mean_pine,69
0,mean_pine,69
0,mean_pine,42.50447463989258
0,mean_pine,42.50447463989258
0,mean_pine,38.664424896240234
0,mean_pine,38.664424896240234
0,mean_pine,29
0,mean_pine,29
0,mean_pine,0
0,mean_pine,0
0,mean_pine,15
0,mean_pine,15
0,mean_pine,0
0,mean_pine,0
0,mean_pine,38
0,mean_pine,38
0,mean_pine,0
0,mean_pine,0
0,mean_pine,0
0,mean_pine,0
0,mean_pine,29.38213539123535
0,mean_pine,29.38213539123535
0,mean_pine,0
1,mean_decid,0
1,mean_decid,0
1,mean_decid,0
1,mean_decid,0
1,mean_decid,0
1,mean_decid,0
1,mean_decid,0
1,mean_decid,0
1,mean_decid,0
1,mean_decid,0
1,mean_decid,0
1,mean_decid,0
1,mean_decid,0
1,mean_decid,0
1,mean_decid,0
1,mean_decid,0
1,mean_decid,0
1,mean_decid,0
1,mean_decid,0
1,mean_decid,0
1,mean_decid,0
1,mean_decid,0
1,mean_decid,0
1,mean_decid,0
1,mean_decid,0
1,mean_decid,0
1,mean_decid,0
1,mean_decid,0
1,mean_decid,0
1,mean_decid,0
1,mean_decid,0
1,mean_decid,0
1,mean_decid,0
1,mean_decid,0
1,mean_decid,0
1,mean_decid,0
1,mean_decid,0
1,mean_decid,0
1,mean_decid,0
1,mean_decid,0
1,mean_decid,0
1,mean_decid,0
1,mean_decid,0
1,mean_decid,0
1,mean_decid,0
1,mean_decid,0
1,mean_decid,0
1,mean_decid,0
1,mean_decid,0
1,mean_decid,0
1,mean_decid,0
1,mean_decid,0
1,mean_decid,0
1,mean_decid,0.9347660541534424
1,mean_decid,0
1,mean_decid,0
1,mean_decid,0
1,mean_decid,0
1,mean_decid,0
1,mean_decid,0
1,mean_decid,0
1,mean_decid,0
1,mean_decid,0
1,mean_decid,0
1,mean_decid,0
1,mean_decid,0
1,mean_decid,0
1,mean_decid,0
1,mean_decid,0
1,mean_decid,0
1,mean_decid,1.51713228225708
1,mean_decid,0
1,mean_decid,0
1,mean_decid,0
1,mean_decid,0
1,mean_decid,0.606346070766449
1,mean_decid,1.2253576517105103
1,mean_decid,0
1,mean_decid,0
1,mean_decid,0
1,mean_decid,0
1,mean_decid,0
1,mean_decid,0
1,mean_decid,0
1,mean_decid,0
1,mean_decid,0
1,mean_decid,15.05214786529541
1,mean_decid,14.445367813110352
1,mean_decid,16.043607711791992
1,mean_decid,0.16083000600337982
1,mean_decid,0
1,mean_decid,0.12384756654500961
1,mean_decid,0.08161234855651855
1,mean_decid,0.08368157595396042
1,mean_decid,1.4389393329620361
1,mean_decid,4.865584850311279
1,mean_decid,1.7381659746170044
1,mean_decid,0
1,mean_decid,0
1,mean_decid,0
1,mean_decid,0
1,mean_decid,0
1,mean_decid,0
1,mean_decid,0
1,mean_decid,0
1,mean_decid,0
1,mean_decid,0
1,mean_decid,0
1,mean_decid,0
1,mean_decid,0
1,mean_decid,0
1,mean_decid,0
1,mean_decid,0
1,mean_decid,0
1,mean_decid,0
1,mean_decid,0
1,mean_decid,0
1,mean_decid,0
1,mean_decid,0
1,mean_decid,0
1,mean_decid,0
1,mean_decid,0
1,mean_decid,0
1,mean_decid,0
1,mean_decid,0
1,mean_decid,0
1,mean_decid,0
1,mean_decid,0
1,mean_decid,0
1,mean_decid,0
1,mean_decid,0
1,mean_decid,0
1,mean_decid,0
1,mean_decid,0
1,mean_decid,0
1,mean_decid,0
1,mean_decid,0
1,mean_decid,0
1,mean_decid,0
1,mean_decid,0
1,mean_decid,0
1,mean_decid,0
1,mean_decid,0
1,mean_decid,0
1,mean_decid,0
1,mean_decid,0
1,mean_decid,0
1,mean_decid,0
1,mean_decid,0
1,mean_decid,0
1,mean_decid,0
1,mean_decid,0
1,mean_decid,0
1,mean_decid,0
1,mean_decid,0
1,mean_decid,0
1,mean_decid,0
1,mean_decid,0
1,mean_decid,0
1,mean_decid,0
1,mean_decid,0
1,mean_decid,0.2821991443634033
0,mean_decid,0
0,mean_decid,0
0,mean_decid,0
0,mean_decid,0
0,mean_decid,0
0,mean_decid,0
0,mean_decid,0
0,mean_decid,0
0,mean_decid,0
0,mean_decid,0
0,mean_decid,0
0,mean_decid,0
0,mean_decid,0
0,mean_decid,0
0,mean_decid,0
0,mean_decid,0
0,mean_decid,0
0,mean_decid,0
0,mean_decid,0
0,mean_decid,0
0,mean_decid,0
0,mean_decid,0
0,mean_decid,0
0,mean_decid,0
0,mean_decid,0
0,mean_decid,0
0,mean_decid,0
0,mean_decid,0
0,mean_decid,0
0,mean_decid,0
0,mean_decid,0
0,mean_decid,0
0,mean_decid,0
0,mean_decid,0
0,mean_decid,0
0,mean_decid,0
0,mean_decid,0
0,mean_decid,0
0,mean_decid,0
0,mean_decid,0
0,mean_decid,0
0,mean_decid,0
0,mean_decid,0
0,mean_decid,0
0,mean_decid,0
0,mean_decid,0
0,mean_decid,0
0,mean_decid,0
0,mean_decid,0
0,mean_decid,0
0,mean_decid,0
0,mean_decid,0
0,mean_decid,0
0,mean_decid,1.4621700048446655
0,mean_decid,0
0,mean_decid,0
0,mean_decid,0
0,mean_decid,0
0,mean_decid,0
0,mean_decid,0
0,mean_decid,0
0,mean_decid,0
0,mean_decid,0
0,mean_decid,0
0,mean_decid,0
0,mean_decid,0
0,mean_decid,0
0,mean_decid,0
0,mean_decid,0
0,mean_decid,0
0,mean_decid,3.158571481704712
0,mean_decid,0
0,mean_decid,0
0,mean_decid,0
0,mean_decid,0
0,mean_decid,0.606660008430481
0,mean_decid,0.5639762282371521
0,mean_decid,0
0,mean_decid,0
0,mean_decid,0
0,mean_decid,0
0,mean_decid,0
0,mean_decid,0
0,mean_decid,0
0,mean_decid,0
0,mean_decid,0
0,mean_decid,16.72382354736328
0,mean_decid,11.930153846740723
0,mean_decid,16.893747329711914
0,mean_decid,0.04407566785812378
0,mean_decid,0
0,mean_decid,0.48252928256988525
0,mean_decid,0.09818758815526962
0,mean_decid,0.12461664527654648
0,mean_decid,0.7290509343147278
0,mean_decid,6.376834869384766
0,mean_decid,3.086979866027832
0,mean_decid,0
0,mean_decid,0
0,mean_decid,0
0,mean_decid,0
0,mean_decid,0
0,mean_decid,0
0,mean_decid,0
0,mean_decid,0
0,mean_decid,0
0,mean_decid,0
0,mean_decid,0
0,mean_decid,0
0,mean_decid,0
0,mean_decid,0
0,mean_decid,0
0,mean_decid,0
0,mean_decid,0
0,mean_decid,0
0,mean_decid,0
0,mean_decid,0
0,mean_decid,0
0,mean_decid,0
0,mean_decid,0
0,mean_decid,0
0,mean_decid,0
0,mean_decid,0
0,mean_decid,0
0,mean_decid,0
0,mean_decid,0
0,mean_decid,0
0,mean_decid,0
0,mean_decid,0
0,mean_decid,0
0,mean_decid,0
0,mean_decid,0
0,mean_decid,0
0,mean_decid,0
0,mean_decid,0
0,mean_decid,0
0,mean_decid,0
0,mean_decid,0
0,mean_decid,0
0,mean_decid,0
0,mean_decid,0
0,mean_decid,0
0,mean_decid,0
0,mean_decid,0
0,mean_decid,0
0,mean_decid,0
0,mean_decid,0
0,mean_decid,0
0,mean_decid,0
0,mean_decid,0
0,mean_decid,0
0,mean_decid,0
0,mean_decid,0
0,mean_decid,0
0,mean_decid,0
0,mean_decid,0
0,mean_decid,0
0,mean_decid,0
0,mean_decid,0
0,mean_decid,0
0,mean_decid,0
0,mean_decid,0.26162979006767273
0,mean_decid,0
0,mean_decid,0
0,mean_decid,0
0,mean_decid,0
0,mean_decid,0
0,mean_decid,0
0,mean_decid,0
0,mean_decid,0
0,mean_decid,0
0,mean_decid,0
0,mean_decid,0
0,mean_decid,0
0,mean_decid,0
0,mean_decid,0
0,mean_decid,0
0,mean_decid,0
0,mean_decid,0
0,mean_decid,0
0,mean_decid,0
0,mean_decid,0
0,mean_decid,0
0,mean_decid,0
0,mean_decid,0
0,mean_decid,0
0,mean_decid,0
0,mean_decid,0
0,mean_decid,0
0,mean_decid,0
0,mean_decid,0
0,mean_decid,0
0,mean_decid,0
0,mean_decid,0
0,mean_decid,0
0,mean_decid,0
0,mean_decid,0
0,mean_decid,0
0,mean_decid,0
0,mean_decid,0
0,mean_decid,0
0,mean_decid,0
0,mean_decid,0
0,mean_decid,0
0,mean_decid,0
0,mean_decid,0
0,mean_decid,0
0,mean_decid,0
0,mean_decid,0
0,mean_decid,0
0,mean_decid,0
0,mean_decid,0
0,mean_decid,0
0,mean_decid,0
0,mean_decid,0
0,mean_decid,0
0,mean_decid,0
0,mean_decid,0
0,mean_decid,0
0,mean_decid,0
0,mean_decid,0
0,mean_decid,0
0,mean_decid,0
0,mean_decid,0
0,mean_decid,0
1,mean_height,16.203489303588867
1,mean_height,16.242847442626953
1,mean_height,16.90445899963379
1,mean_height,9.888742446899414
1,mean_height,9.033244132995605
1,mean_height,4.912500381469727
1,mean_height,6.219259738922119
1,mean_height,3.962063789367676
1,mean_height,6.853504657745361
1,mean_height,12.672250747680664
1,mean_height,6.716845512390137
1,mean_height,4.059212684631348
1,mean_height,9.079606056213379
1,mean_height,4
1,mean_height,3.551703453063965
1,mean_height,3.8503334522247314
1,mean_height,0
1,mean_height,4.951737403869629
1,mean_height,0
1,mean_height,6.977235794067383
1,mean_height,9.515401840209961
1,mean_height,5.151562213897705
1,mean_height,5.018947124481201
1,mean_height,4
1,mean_height,0
1,mean_height,10.67163372039795
1,mean_height,10.552334785461426
1,mean_height,9.628316879272461
1,mean_height,10.761388778686523
1,mean_height,9.61415958404541
1,mean_height,12.978235244750977
1,mean_height,9.243185043334961
1,mean_height,9.258184432983398
1,mean_height,6.685609817504883
1,mean_height,6.98449182510376
1,mean_height,12.245307922363281
1,mean_height,11.899524688720703
1,mean_height,11.008731842041016
1,mean_height,6
1,mean_height,8.675474166870117
1,mean_height,11.703706741333008
1,mean_height,9
1,mean_height,10.204902648925781
1,mean_height,10.116381645202637
1,mean_height,9.11617660522461
1,mean_height,0
1,mean_height,9
1,mean_height,12.270268440246582
1,mean_height,12.272220611572266
1,mean_height,11.947417259216309
1,mean_height,9.89281177520752
1,mean_height,18.360692977905273
1,mean_height,3.456169605255127
1,mean_height,11.871015548706055
1,mean_height,9.72580623626709
1,mean_height,12.701860427856445
1,mean_height,13.603067398071289
1,mean_height,15.645387649536133
1,mean_height,12.70775318145752
1,mean_height,12.897648811340332
1,mean_height,11.5989351272583
1,mean_height,14.80105209350586
1,mean_height,8.970783233642578
1,mean_height,9.926656723022461
1,mean_height,12.058592796325684
1,mean_height,12.0886812210083
1,mean_height,12.344783782958984
1,mean_height,12.200857162475586
1,mean_height,12.501587867736816
1,mean_height,12.904987335205078
1,mean_height,13.242441177368164
1,mean_height,11.756011009216309
1,mean_height,16.491580963134766
1,mean_height,8.8410062789917
1,mean_height,12.229207038879395
1,mean_height,19.015525817871094
1,mean_height,13.87277889251709
1,mean_height,10.302090644836426
1,mean_height,14.577310562133789
1,mean_height,9.550457954406738
1,mean_height,13.115872383117676
1,mean_height,12.727808952331543
1,mean_height,2.0801327228546143
1,mean_height,15.978282928466797
1,mean_height,10.754400253295898
1,mean_height,9.860115051269531
1,mean_height,8.855929374694824
1,mean_height,11.525652885437012
1,mean_height,11.808721542358398
1,mean_height,13.449209213256836
1,mean_height,13.904105186462402
1,mean_height,13.908513069152832
1,mean_height,13.224381446838379
1,mean_height,12.556507110595703
1,mean_height,17.52816390991211
1,mean_height,15.844969749450684
1,mean_height,6.404003620147705
1,mean_height,11.808765411376953
1,mean_height,9.868010520935059
1,mean_height,10.564759254455566
1,mean_height,14.476161003112793
1,mean_height,14.770195007324219
1,mean_height,12.821480751037598
1,mean_height,13.574762344360352
1,mean_height,15.835453987121582
1,mean_height,12.249968528747559
1,mean_height,12.377337455749512
1,mean_height,7.277369022369385
1,mean_height,8.267938613891602
1,mean_height,10.51424789428711
1,mean_height,14.741219520568848
1,mean_height,13.915630340576172
1,mean_height,8.305864334106445
1,mean_height,15.088362693786621
1,mean_height,10.701390266418457
1,mean_height,12.290668487548828
1,mean_height,4.634028434753418
1,mean_height,13.005041122436523
1,mean_height,13.723187446594238
1,mean_height,11.988454818725586
1,mean_height,10.733494758605957
1,mean_height,9.71567153930664
1,mean_height,12.354576110839844
1,mean_height,11.754448890686035
1,mean_height,7.390154838562012
1,mean_height,6.6664252281188965
1,mean_height,8.376238822937012
1,mean_height,10.58840560913086
1,mean_height,5.160218715667725
1,mean_height,9.647876739501953
1,mean_height,10.26945686340332
1,mean_height,6.5981221199035645
1,mean_height,9.944920539855957
1,mean_height,10.09188461303711
1,mean_height,12.190190315246582
1,mean_height,7.113802433013916
1,mean_height,6.710434913635254
1,mean_height,12.723099708557129
1,mean_height,10.239779472351074
1,mean_height,11.242325782775879
1,mean_height,11.85748291015625
1,mean_height,10.276092529296875
1,mean_height,8.000986099243164
1,mean_height,11.138714790344238
1,mean_height,3.959230899810791
1,mean_height,8.412187576293945
1,mean_height,8.93636703491211
1,mean_height,11.669726371765137
1,mean_height,11.227959632873535
1,mean_height,8.977391242980957
1,mean_height,13.329179763793945
1,mean_height,9.620028495788574
1,mean_height,8.972081184387207
1,mean_height,7.968934535980225
1,mean_height,4
1,mean_height,0
1,mean_height,5.046209812164307
1,mean_height,9.549824714660645
1,mean_height,8.026244163513184
1,mean_height,10.2067289352417
1,mean_height,9.703044891357422
1,mean_height,13.348488807678223
0,mean_height,14.088211059570313
0,mean_height,15.148758888244629
0,mean_height,16.999608993530273
0,mean_height,11.239094734191895
0,mean_height,10.732582092285156
0,mean_height,5.604382038116455
0,mean_height,4.630082130432129
0,mean_height,6.617038249969482
0,mean_height,8.590254783630371
0,mean_height,13.002157211303711
0,mean_height,6.919315338134766
0,mean_height,5.769522666931152
0,mean_height,6.820929527282715
0,mean_height,4.514712810516357
0,mean_height,3.6615872383117676
0,mean_height,5.574256420135498
0,mean_height,0
0,mean_height,4.507594585418701
0,mean_height,3
0,mean_height,9.114880561828613
0,mean_height,9.50061321258545
0,mean_height,13.46794605255127
0,mean_height,8.860186576843262
0,mean_height,8.8484525680542
0,mean_height,10
0,mean_height,11.726378440856934
0,mean_height,12.015546798706055
0,mean_height,8.125578880310059
0,mean_height,12.389598846435547
0,mean_height,10.384377479553223
0,mean_height,12.286097526550293
0,mean_height,10.444669723510742
0,mean_height,10.657206535339355
0,mean_height,9.473307609558105
0,mean_height,6.708414077758789
0,mean_height,10.483731269836426
0,mean_height,10.329790115356445
0,mean_height,10.940683364868164
0,mean_height,6.332122802734375
0,mean_height,7.824362277984619
0,mean_height,10.72923469543457
0,mean_height,9.606283187866211
0,mean_height,9.48935317993164
0,mean_height,9.6914644241333
0,mean_height,8.87656307220459
0,mean_height,0
0,mean_height,9
0,mean_height,11.879480361938477
0,mean_height,11.96838665008545
0,mean_height,10.46284008026123
0,mean_height,6.908890724182129
0,mean_height,15.91508674621582
0,mean_height,4.379138946533203
0,mean_height,11.598922729492188
0,mean_height,5.737642288208008
0,mean_height,10.876906394958496
0,mean_height,12.875511169433594
0,mean_height,12.104744911193848
0,mean_height,7.558425426483154
0,mean_height,10.721556663513184
0,mean_height,9.80752182006836
0,mean_height,6.711526870727539
0,mean_height,12.862239837646484
0,mean_height,9.69189167022705
0,mean_height,8.6702117919921875
0,mean_height,9.95451545715332
0,mean_height,10.688078880310059
0,mean_height,7.6324615478515625
0,mean_height,13.02641487121582
0,mean_height,8.729684829711914
0,mean_height,13.575057029724121
0,mean_height,10.6664457321167
0,mean_height,16.561656951904297
0,mean_height,12.958937644958496
0,mean_height,12.315449714660645
0,mean_height,18.089515686035156
0,mean_height,14.647933006286621
0,mean_height,10.36827564239502
0,mean_height,12.085375785827637
0,mean_height,11.768309593200684
0,mean_height,13.730120658874512
0,mean_height,12.404346466064453
0,mean_height,1.973536491394043
0,mean_height,13.268942832946777
0,mean_height,8.444650650024414
0,mean_height,9.531161308288574
0,mean_height,9.863422393798828
0,mean_height,12.34768295288086
0,mean_height,7.464664459228516
0,mean_height,11.081954956054688
0,mean_height,15.305281639099121
0,mean_height,12.20616626739502
0,mean_height,13.459515571594238
0,mean_height,12.664473533630371
0,mean_height,15.805093765258789
0,mean_height,15.731595039367676
0,mean_height,8.216209411621094
0,mean_height,12.164405822753906
0,mean_height,10.621906280517578
0,mean_height,12.387739181518555
0,mean_height,13.369967460632324
0,mean_height,13.884204864501953
0,mean_height,14.525938987731934
0,mean_height,14.195584297180176
0,mean_height,13.250497817993164
0,mean_height,12.099075317382813
0,mean_height,12.584177017211914
0,mean_height,7.534680366516113
0,mean_height,8.790580749511719
0,mean_height,9.953532218933105
0,mean_height,14.35497760772705
0,mean_height,13.636101722717285
0,mean_height,7.878580093383789
0,mean_height,14.557656288146973
0,mean_height,11.109315872192383
0,mean_height,12.094711303710938
0,mean_height,5.312986373901367
0,mean_height,12.491394996643066
0,mean_height,13.132768630981445
0,mean_height,12.529011726379395
0,mean_height,11.290085792541504
0,mean_height,9.921074867248535
0,mean_height,6.324227809906006
0,mean_height,12.074884414672852
0,mean_height,4.34999418258667
0,mean_height,7.241182804107666
0,mean_height,6.8568220138549805
0,mean_height,10.456877708435059
0,mean_height,3.599644899368286
0,mean_height,9.147100448608398
0,mean_height,9.572978019714355
0,mean_height,7.534480571746826
0,mean_height,8.838829040527344
0,mean_height,6.78351354598999
0,mean_height,10.728161811828613
0,mean_height,8.817852973937988
0,mean_height,7.2403459548950195
0,mean_height,12.959378242492676
0,mean_height,9.077754974365234
0,mean_height,7.909241676330566
0,mean_height,9.873357772827148
0,mean_height,9.29820442199707
0,mean_height,9.408086776733398
0,mean_height,7.6639404296875
0,mean_height,4.557369709014893
0,mean_height,7.741511344909668
0,mean_height,8.768938064575195
0,mean_height,11.377055168151855
0,mean_height,10.649106979370117
0,mean_height,7.9950714111328125
0,mean_height,12.600980758666992
0,mean_height,11.442150115966797
0,mean_height,8.152381896972656
0,mean_height,8.782042503356934
0,mean_height,5.851236343383789
0,mean_height,0
0,mean_height,9.49982738494873
0,mean_height,9.80473518371582
0,mean_height,7.230574607849121
0,mean_height,10.354273796081543
0,mean_height,9.951842308044434
0,mean_height,13.54689884185791
0,mean_height,15.57101821899414
0,mean_height,15.57101821899414
0,mean_height,10.000000953674316
0,mean_height,10.000000953674316
0,mean_height,3.4248952865600586
0,mean_height,3.4248952865600586
0,mean_height,0
0,mean_height,0
0,mean_height,10
0,mean_height,10
0,mean_height,3.8326570987701416
0,mean_height,3.8326570987701416
0,mean_height,3.521674394607544
0,mean_height,3.521674394607544
0,mean_height,0
0,mean_height,0
0,mean_height,3.051969528198242
0,mean_height,3.051969528198242
0,mean_height,8
0,mean_height,8
0,mean_height,0
0,mean_height,0
0,mean_height,13.150508880615234
0,mean_height,13.150508880615234
0,mean_height,11.36982536315918
0,mean_height,11.36982536315918
0,mean_height,8.223549842834473
0,mean_height,8.223549842834473
0,mean_height,9
0,mean_height,9
0,mean_height,10.396692276000977
0,mean_height,10.396692276000977
0,mean_height,0
0,mean_height,0
0,mean_height,9.626069068908691
0,mean_height,9.626069068908691
0,mean_height,0
0,mean_height,0
0,mean_height,0
0,mean_height,0
0,mean_height,9
0,mean_height,9
0,mean_height,14.458378791809082
0,mean_height,14.458378791809082
0,mean_height,9.293907165527344
0,mean_height,9.293907165527344
0,mean_height,6
0,mean_height,6
0,mean_height,0
0,mean_height,0
0,mean_height,3
0,mean_height,3
0,mean_height,0
0,mean_height,0
0,mean_height,8
0,mean_height,8
0,mean_height,0
0,mean_height,0
0,mean_height,0
0,mean_height,0
0,mean_height,7.926364421844482
0,mean_height,7.926364421844482
0,mean_height,0
1,mean_age,89.62113952636719
1,mean_age,83.23799896240234
1,mean_age,90.79561614990234
1,mean_age,64.17108154296875
1,mean_age,53.577049255371094
1,mean_age,47.5012092590332
1,mean_age,59.30643081665039
1,mean_age,48.80137252807617
1,mean_age,54.66898727416992
1,mean_age,104.86705780029297
1,mean_age,55.6729621887207
1,mean_age,49.96818923950195
1,mean_age,74.91748046875
1,mean_age,65.282745361328125
1,mean_age,46.58637237548828
1,mean_age,55.35264587402344
1,mean_age,0
1,mean_age,38.78281784057617
1,mean_age,0
1,mean_age,67.64225769042969
1,mean_age,61.53060531616211
1,mean_age,34.303123474121094
1,mean_age,55.09034729003906
1,mean_age,57
1,mean_age,0
1,mean_age,65.0657958984375
1,mean_age,67.33661651611328
1,mean_age,64.8348159790039
1,mean_age,67.49565124511719
1,mean_age,60.61615753173828
1,mean_age,114.4157485961914
1,mean_age,62.577335357666016
1,mean_age,74.20284271240234
1,mean_age,46.551788330078125
1,mean_age,60.78516387939453
1,mean_age,113.6327896118164
1,mean_age,107.2703628540039
1,mean_age,102.35729217529297
1,mean_age,52
1,mean_age,86.46385955810547
1,mean_age,96.813323974609375
1,mean_age,119.15179443359375
1,mean_age,104.09724426269531
1,mean_age,101.88035583496094
1,mean_age,89.67577362060547
1,mean_age,0
1,mean_age,93
1,mean_age,95.04566192626953
1,mean_age,95.58235168457031
1,mean_age,106.6705093383789
1,mean_age,75.02603912353516
1,mean_age,76.58598327636719
1,mean_age,11.9646577835083
1,mean_age,45.50666809082031
1,mean_age,84.42234802246094
1,mean_age,93.91722106933594
1,mean_age,103.34605407714844
1,mean_age,109.9810562133789
1,mean_age,69.7936019897461
1,mean_age,76.07361602783203
1,mean_age,87.52803802490234
1,mean_age,91.41179656982422
1,mean_age,62.04578399658203
1,mean_age,98.58121490478516
1,mean_age,97.9514389038086
1,mean_age,105.59100341796875
1,mean_age,97.55184173583984
1,mean_age,96.75257873535156
1,mean_age,98.11466979980469
1,mean_age,105.97602844238281
1,mean_age,61.34389114379883
1,mean_age,99.27970123291016
1,mean_age,96.61701202392578
1,mean_age,46.90275955200195
1,mean_age,62.61804962158203
1,mean_age,73.79952239990234
1,mean_age,106.7972183227539
1,mean_age,50.06441116333008
1,mean_age,91.39454650878906
1,mean_age,58.88212966918945
1,mean_age,71.97502136230469
1,mean_age,87.55059814453125
1,mean_age,20.212223052978516
1,mean_age,92.4256362915039
1,mean_age,76.785125732421875
1,mean_age,68.00591278076172
1,mean_age,33.52058029174805
1,mean_age,39.40210723876953
1,mean_age,39.01453399658203
1,mean_age,55.54570007324219
1,mean_age,54.676021575927734
1,mean_age,71.58118438720703
1,mean_age,51.682674407958984
1,mean_age,91.09217071533203
1,mean_age,65.4589614868164
1,mean_age,66.19606018066406
1,mean_age,28.273447036743164
1,mean_age,44.25498962402344
1,mean_age,43.991336822509766
1,mean_age,42.34074401855469
1,mean_age,62.061275482177734
1,mean_age,67.53230285644531
1,mean_age,55.578330993652344
1,mean_age,54.02859115600586
1,mean_age,78.743255615234375
1,mean_age,58.961849212646484
1,mean_age,55.72275161743164
1,mean_age,56.4036750793457
1,mean_age,92.99656677246094
1,mean_age,80.0774154663086
1,mean_age,97.89836120605469
1,mean_age,86.011474609375
1,mean_age,50.71315002441406
1,mean_age,83.33506774902344
1,mean_age,114.58992004394531
1,mean_age,120.09381866455078
1,mean_age,34.15226745605469
1,mean_age,77.57466888427734
1,mean_age,82.65702056884766
1,mean_age,58.718528747558594
1,mean_age,86.211456298828125
1,mean_age,56.11555480957031
1,mean_age,72.2006607055664
1,mean_age,87.616119384765625
1,mean_age,63.4405632019043
1,mean_age,59.0417366027832
1,mean_age,54.30792999267578
1,mean_age,84.69929504394531
1,mean_age,30.03815269470215
1,mean_age,60.802040100097656
1,mean_age,83.75721740722656
1,mean_age,67.03977966308594
1,mean_age,87.47062683105469
1,mean_age,96.99207305908203
1,mean_age,92.16284942626953
1,mean_age,34.733497619628906
1,mean_age,29.884601593017578
1,mean_age,69.9687728881836
1,mean_age,68.9045639038086
1,mean_age,79.994476318359375
1,mean_age,82.21745300292969
1,mean_age,88.9160385131836
1,mean_age,79.99579620361328
1,mean_age,90.82807159423828
1,mean_age,43.085853576660156
1,mean_age,84.298187255859375
1,mean_age,117.17839050292969
1,mean_age,160.79750061035156
1,mean_age,127.44143676757813
1,mean_age,64.7774429321289
1,mean_age,84.685638427734375
1,mean_age,75.87332916259766
1,mean_age,74.52252960205078
1,mean_age,77.867889404296875
1,mean_age,68
1,mean_age,0
1,mean_age,70.04486083984375
1,mean_age,72.08006286621094
1,mean_age,51.735469818115234
1,mean_age,52.70679473876953
1,mean_age,52.53025817871094
1,mean_age,54.271400451660156
0,mean_age,76.81769561767578
0,mean_age,84.2833023071289
0,mean_age,86.65287017822266
0,mean_age,72.53791809082031
0,mean_age,63.35359191894531
0,mean_age,52.538761138916016
0,mean_age,53.813446044921875
0,mean_age,62.8641242980957
0,mean_age,58.77980422973633
0,mean_age,92.41827392578125
0,mean_age,56.259071350097656
0,mean_age,52.17132568359375
0,mean_age,59.64655303955078
0,mean_age,53.9428596496582
0,mean_age,45.093833923339844
0,mean_age,54.16379165649414
0,mean_age,0
0,mean_age,36.784175872802734
0,mean_age,30
0,mean_age,60.40163040161133
0,mean_age,60.33418655395508
0,mean_age,76.62635040283203
0,mean_age,55.029476165771484
0,mean_age,50.14303970336914
0,mean_age,76
0,mean_age,65.798553466796875
0,mean_age,69.88151550292969
0,mean_age,60.6148567199707
0,mean_age,76.75321197509766
0,mean_age,70.71349334716797
0,mean_age,117.4962158203125
0,mean_age,71.147796630859375
0,mean_age,86.9599609375
0,mean_age,70.61051940917969
0,mean_age,57.41814422607422
0,mean_age,95.04266357421875
0,mean_age,86.4176025390625
0,mean_age,105.54474639892578
0,mean_age,55.09981155395508
0,mean_age,77.56855773925781
0,mean_age,102.34148406982422
0,mean_age,106.70137023925781
0,mean_age,100.86417388916016
0,mean_age,98.73793029785156
0,mean_age,96.8056640625
0,mean_age,0
0,mean_age,93
0,mean_age,105.28562927246094
0,mean_age,97.7394027709961
0,mean_age,93.71360778808594
0,mean_age,56.218650817871094
0,mean_age,67.95465850830078
0,mean_age,20.746875762939453
0,mean_age,43.86506271362305
0,mean_age,53.08381652832031
0,mean_age,82.93061828613281
0,mean_age,100.70846557617187
0,mean_age,94.14402770996094
0,mean_age,48.29052734375
0,mean_age,63.75318908691406
0,mean_age,78.09706115722656
0,mean_age,41.21207809448242
0,mean_age,81.91624450683594
0,mean_age,96.44889068603516
0,mean_age,94.73670959472656
0,mean_age,97.640411376953125
0,mean_age,80.7399673461914
0,mean_age,61.80384063720703
0,mean_age,97.06193542480469
0,mean_age,66.67015075683594
0,mean_age,60.98603439331055
0,mean_age,91.1832504272461
0,mean_age,90.83399200439453
0,mean_age,68.987152099609375
0,mean_age,61.72814178466797
0,mean_age,69.32709503173828
0,mean_age,107.92575073242187
0,mean_age,48.791683197021484
0,mean_age,75.59073638916016
0,mean_age,76.3399887084961
0,mean_age,89.463531494140625
0,mean_age,86.425872802734375
0,mean_age,23.14435577392578
0,mean_age,78.19574737548828
0,mean_age,57.42552947998047
0,mean_age,74.66446685791016
0,mean_age,36.45930862426758
0,mean_age,40.783206939697266
0,mean_age,29.956378936767578
0,mean_age,48.48532485961914
0,mean_age,59.57380676269531
0,mean_age,58.60796356201172
0,mean_age,48.1724739074707
0,mean_age,84.04844665527344
0,mean_age,60.707481384277344
0,mean_age,65.712066650390625
0,mean_age,32.62562942504883
0,mean_age,45.96620178222656
0,mean_age,47.00695037841797
0,mean_age,49.387413024902344
0,mean_age,57.80191421508789
0,mean_age,61.48172378540039
0,mean_age,60.33451461791992
0,mean_age,56.88815689086914
0,mean_age,56.49580764770508
0,mean_age,55.702693939208984
0,mean_age,56.15098190307617
0,mean_age,57.66987991333008
0,mean_age,94.09264373779297
0,mean_age,83.1152114868164
0,mean_age,93.35216522216797
0,mean_age,85.2839584350586
0,mean_age,45.92255783081055
0,mean_age,77.14762878417969
0,mean_age,113.95220947265625
0,mean_age,113.15290832519531
0,mean_age,29.879053115844727
0,mean_age,71.5987548828125
0,mean_age,75.39713287353516
0,mean_age,62.72101974487305
0,mean_age,66.09497833251953
0,mean_age,57.944488525390625
0,mean_age,42.799407958984375
0,mean_age,89.200714111328125
0,mean_age,42.1467399597168
0,mean_age,64.70642852783203
0,mean_age,48.27402114868164
0,mean_age,84.94969940185547
0,mean_age,22.604724884033203
0,mean_age,55.709007263183594
0,mean_age,78.29056549072266
0,mean_age,75.66121673583984
0,mean_age,76.14360809326172
0,mean_age,73.519378662109375
0,mean_age,94.4749755859375
0,mean_age,53.77483367919922
0,mean_age,35.0904655456543
0,mean_age,70.3721923828125
0,mean_age,66.87564849853516
0,mean_age,65.2684326171875
0,mean_age,84.26990509033203
0,mean_age,73.74481201171875
0,mean_age,88.125030517578125
0,mean_age,72.06829833984375
0,mean_age,47.84941101074219
0,mean_age,71.53165435791016
0,mean_age,114.29534149169922
0,mean_age,159.23095703125
0,mean_age,131.67352294921875
0,mean_age,63.001041412353516
0,mean_age,80.9096908569336
0,mean_age,64.35444641113281
0,mean_age,69.55940246582031
0,mean_age,84.407806396484375
0,mean_age,78.73344421386719
0,mean_age,0
0,mean_age,108.29194641113281
0,mean_age,74.32588958740234
0,mean_age,44.15867614746094
0,mean_age,52.5081787109375
0,mean_age,52.71469497680664
0,mean_age,53.043941497802734
0,mean_age,89.2677230834961
0,mean_age,89.2677230834961
0,mean_age,78
0,mean_age,78
0,mean_age,35.07533264160156
0,mean_age,35.07533264160156
0,mean_age,0
0,mean_age,0
0,mean_age,78
0,mean_age,78
0,mean_age,39.211402893066406
0,mean_age,39.211402893066406
0,mean_age,44.51064682006836
0,mean_age,44.51064682006836
0,mean_age,0
0,mean_age,0
0,mean_age,30.233861923217773
0,mean_age,30.233861923217773
0,mean_age,43
0,mean_age,43
0,mean_age,0
0,mean_age,0
0,mean_age,107.51818084716797
0,mean_age,107.51818084716797
0,mean_age,102.2431411743164
0,mean_age,102.2431411743164
0,mean_age,88.181549072265625
0,mean_age,88.181549072265625
0,mean_age,80
0,mean_age,80
0,mean_age,109.90103149414062
0,mean_age,109.90103149414062
0,mean_age,0
0,mean_age,0
0,mean_age,98.84776306152344
0,mean_age,98.84776306152344
0,mean_age,0
0,mean_age,0
0,mean_age,0
0,mean_age,0
0,mean_age,92.99999237060547
0,mean_age,92.99999237060547
0,mean_age,99.52783966064453
0,mean_age,99.52783966064453
0,mean_age,86.76142120361328
0,mean_age,86.76142120361328
0,mean_age,51.999996185302734
0,mean_age,51.999996185302734
0,mean_age,0
0,mean_age,0
0,mean_age,30
0,mean_age,30
0,mean_age,0
0,mean_age,0
0,mean_age,34
0,mean_age,34
0,mean_age,0
0,mean_age,0
0,mean_age,0
0,mean_age,0
0,mean_age,117.7199478149414
0,mean_age,117.7199478149414
0,mean_age,0
1,mean_pine_rel,81.42704772949219
1,mean_pine_rel,66.98804473876953
1,mean_pine_rel,70.41792297363281
1,mean_pine_rel,59.940391540527344
1,mean_pine_rel,69.79546356201172
1,mean_pine_rel,22.10491943359375
1,mean_pine_rel,38.32660675048828
1,mean_pine_rel,33.33564376831055
1,mean_pine_rel,43.20065689086914
1,mean_pine_rel,71.10508728027344
1,mean_pine_rel,37.34232711791992
1,mean_pine_rel,19.643537521362305
1,mean_pine_rel,50.644039154052734
1,mean_pine_rel,10.353433609008789
1,mean_pine_rel,32.949790954589844
1,mean_pine_rel,8.008604049682617
1,mean_pine_rel,0
1,mean_pine_rel,5.245767593383789
1,mean_pine_rel,0
1,mean_pine_rel,25.464757919311523
1,mean_pine_rel,35.31269073486328
1,mean_pine_rel,33.75041580200195
1,mean_pine_rel,21.915605545043945
1,mean_pine_rel,12.5
1,mean_pine_rel,0
1,mean_pine_rel,29.25525665283203
1,mean_pine_rel,51.43813705444336
1,mean_pine_rel,56.124534606933594
1,mean_pine_rel,34.59574508666992
1,mean_pine_rel,51.821678161621094
1,mean_pine_rel,31.543672561645508
1,mean_pine_rel,92.47467041015625
1,mean_pine_rel,67.19884490966797
1,mean_pine_rel,36.74432373046875
1,mean_pine_rel,52.76471710205078
1,mean_pine_rel,60.11891555786133
1,mean_pine_rel,70.234222412109375
1,mean_pine_rel,67.75325012207031
1,mean_pine_rel,72.7272720336914
1,mean_pine_rel,56.824012756347656
1,mean_pine_rel,56.717647552490234
1,mean_pine_rel,37.09442138671875
1,mean_pine_rel,42.57911682128906
1,mean_pine_rel,53.649818420410156
1,mean_pine_rel,45.208553314208984
1,mean_pine_rel,0
1,mean_pine_rel,72.63157653808594
1,mean_pine_rel,54.40911865234375
1,mean_pine_rel,53.47784423828125
1,mean_pine_rel,54.032188415527344
1,mean_pine_rel,28.288448333740234
1,mean_pine_rel,46.69810104370117
1,mean_pine_rel,22.728897094726562
1,mean_pine_rel,52.46791076660156
1,mean_pine_rel,52.955657958984375
1,mean_pine_rel,58.27065658569336
1,mean_pine_rel,60.59972381591797
1,mean_pine_rel,69.8546142578125
1,mean_pine_rel,72.06714630126953
1,mean_pine_rel,25.4725341796875
1,mean_pine_rel,59.345977783203125
1,mean_pine_rel,84.352447509765625
1,mean_pine_rel,79.87492370605469
1,mean_pine_rel,69.29536437988281
1,mean_pine_rel,49.31727600097656
1,mean_pine_rel,82.14180755615234
1,mean_pine_rel,92.95263671875
1,mean_pine_rel,92.9310302734375
1,mean_pine_rel,93.654266357421875
1,mean_pine_rel,93.299102783203125
1,mean_pine_rel,72.11927032470703
1,mean_pine_rel,66.19738006591797
1,mean_pine_rel,75.57630920410156
1,mean_pine_rel,51.49336242675781
1,mean_pine_rel,55.38017272949219
1,mean_pine_rel,38.98643493652344
1,mean_pine_rel,68.20104217529297
1,mean_pine_rel,61.770286560058594
1,mean_pine_rel,79.11961364746094
1,mean_pine_rel,69.70276641845703
1,mean_pine_rel,69.2188949584961
1,mean_pine_rel,68.75408172607422
1,mean_pine_rel,52.46346664428711
1,mean_pine_rel,71.31031799316406
1,mean_pine_rel,75.96302795410156
1,mean_pine_rel,61.30633544921875
1,mean_pine_rel,19.992746353149414
1,mean_pine_rel,19.605894088745117
1,mean_pine_rel,9.815776824951172
1,mean_pine_rel,51.33726501464844
1,mean_pine_rel,42.98748779296875
1,mean_pine_rel,69.33692169189453
1,mean_pine_rel,55.00770950317383
1,mean_pine_rel,77.528472900390625
1,mean_pine_rel,39.7154655456543
1,mean_pine_rel,54.0048828125
1,mean_pine_rel,37.603092193603516
1,mean_pine_rel,53.1546745300293
1,mean_pine_rel,47.85385513305664
1,mean_pine_rel,49.315128326416016
1,mean_pine_rel,55.97016906738281
1,mean_pine_rel,71.56291961669922
1,mean_pine_rel,62.1878776550293
1,mean_pine_rel,44.930320739746094
1,mean_pine_rel,52.363861083984375
1,mean_pine_rel,46.83712387084961
1,mean_pine_rel,56.33391571044922
1,mean_pine_rel,77.6319808959961
1,mean_pine_rel,86.3061752319336
1,mean_pine_rel,81.51897430419922
1,mean_pine_rel,63.396514892578125
1,mean_pine_rel,58.2985954284668
1,mean_pine_rel,75.6906967163086
1,mean_pine_rel,75.6142349243164
1,mean_pine_rel,48.26729202270508
1,mean_pine_rel,51.294334411621094
1,mean_pine_rel,58.9777717590332
1,mean_pine_rel,50.18363952636719
1,mean_pine_rel,41.85810089111328
1,mean_pine_rel,21.31293296813965
1,mean_pine_rel,43.98163604736328
1,mean_pine_rel,57.31621551513672
1,mean_pine_rel,67.39954376220703
1,mean_pine_rel,69.53236389160156
1,mean_pine_rel,41.70622634887695
1,mean_pine_rel,20.882366180419922
1,mean_pine_rel,69.57007598876953
1,mean_pine_rel,67.91938781738281
1,mean_pine_rel,90.87599182128906
1,mean_pine_rel,74.13996887207031
1,mean_pine_rel,59.82527542114258
1,mean_pine_rel,59.69089889526367
1,mean_pine_rel,56.440311431884766
1,mean_pine_rel,55.14702606201172
1,mean_pine_rel,64.97313690185547
1,mean_pine_rel,26.78455924987793
1,mean_pine_rel,22.42131805419922
1,mean_pine_rel,68.2088851928711
1,mean_pine_rel,72.22400665283203
1,mean_pine_rel,58.013362884521484
1,mean_pine_rel,45.856536865234375
1,mean_pine_rel,41.75181579589844
1,mean_pine_rel,50.9149169921875
1,mean_pine_rel,39.88914108276367
1,mean_pine_rel,64.27630615234375
1,mean_pine_rel,52.7592658996582
1,mean_pine_rel,41.06411361694336
1,mean_pine_rel,48.69688034057617
1,mean_pine_rel,40.404563903808594
1,mean_pine_rel,73.55006408691406
1,mean_pine_rel,78.08954620361328
1,mean_pine_rel,62.19923782348633
1,mean_pine_rel,82.14007568359375
1,mean_pine_rel,81.8741683959961
1,mean_pine_rel,93.75
1,mean_pine_rel,0
1,mean_pine_rel,92.92154693603516
1,mean_pine_rel,78.29571533203125
1,mean_pine_rel,58.2647705078125
1,mean_pine_rel,64.764251708984375
1,mean_pine_rel,61.271060943603516
1,mean_pine_rel,52.391700744628906
0,mean_pine_rel,80.51300811767578
0,mean_pine_rel,63.433555603027344
0,mean_pine_rel,67.409881591796875
0,mean_pine_rel,58.803123474121094
0,mean_pine_rel,66.5601806640625
0,mean_pine_rel,10.511380195617676
0,mean_pine_rel,40.97077941894531
0,mean_pine_rel,30.796607971191406
0,mean_pine_rel,46.50886154174805
0,mean_pine_rel,73.4601821899414
0,mean_pine_rel,36.23727035522461
0,mean_pine_rel,39.98908996582031
0,mean_pine_rel,58.22378921508789
0,mean_pine_rel,17.80118751525879
0,mean_pine_rel,22.949790954589844
0,mean_pine_rel,22.108015060424805
0,mean_pine_rel,0
0,mean_pine_rel,6.327654838562012
0,mean_pine_rel,10
0,mean_pine_rel,33.77048110961914
0,mean_pine_rel,44.21147537231445
0,mean_pine_rel,53.844627380371094
0,mean_pine_rel,34.059505462646484
0,mean_pine_rel,27.239423751831055
0,mean_pine_rel,56.33803176879883
0,mean_pine_rel,42.15837860107422
0,mean_pine_rel,59.05228042602539
0,mean_pine_rel,50.864437103271484
0,mean_pine_rel,53.31475067138672
0,mean_pine_rel,50.218387603759766
0,mean_pine_rel,41.43061065673828
0,mean_pine_rel,84.0889663696289
0,mean_pine_rel,68.48216247558594
0,mean_pine_rel,61.77522659301758
0,mean_pine_rel,43.34606170654297
0,mean_pine_rel,56.78492736816406
0,mean_pine_rel,63.21645736694336
0,mean_pine_rel,78.4027099609375
0,mean_pine_rel,71.09685516357422
0,mean_pine_rel,52.815223693847656
0,mean_pine_rel,47.85842514038086
0,mean_pine_rel,44.626136779785156
0,mean_pine_rel,43.549156188964844
0,mean_pine_rel,49.58346939086914
0,mean_pine_rel,43.7432861328125
0,mean_pine_rel,0
0,mean_pine_rel,72.63157653808594
0,mean_pine_rel,46.87338638305664
0,mean_pine_rel,54.153404235839844
0,mean_pine_rel,53.18281173706055
0,mean_pine_rel,40.42616653442383
0,mean_pine_rel,50.06980895996094
0,mean_pine_rel,33.22996520996094
0,mean_pine_rel,50.06268310546875
0,mean_pine_rel,51.83700942993164
0,mean_pine_rel,55.413719177246094
0,mean_pine_rel,55.28853988647461
0,mean_pine_rel,65.000579833984375
0,mean_pine_rel,74.85923767089844
0,mean_pine_rel,26.583513259887695
0,mean_pine_rel,54.31802749633789
0,mean_pine_rel,79.68853759765625
0,mean_pine_rel,81.6593017578125
0,mean_pine_rel,59.17437744140625
0,mean_pine_rel,50.48573303222656
0,mean_pine_rel,78.64897918701172
0,mean_pine_rel,87.88639831542969
0,mean_pine_rel,84.76444244384766
0,mean_pine_rel,91.55012512207031
0,mean_pine_rel,63.065128326416016
0,mean_pine_rel,63.47366714477539
0,mean_pine_rel,57.89015197753906
0,mean_pine_rel,59.238887786865234
0,mean_pine_rel,66.85505676269531
0,mean_pine_rel,58.78364944458008
0,mean_pine_rel,40.26155471801758
0,mean_pine_rel,68.00251007080078
0,mean_pine_rel,53.71864700317383
0,mean_pine_rel,75.23844146728516
0,mean_pine_rel,82.0982894897461
0,mean_pine_rel,77.50328063964844
0,mean_pine_rel,70.38716888427734
0,mean_pine_rel,58.341102600097656
0,mean_pine_rel,62.73354721069336
0,mean_pine_rel,62.4027214050293
0,mean_pine_rel,59.00677490234375
0,mean_pine_rel,24.40684700012207
0,mean_pine_rel,20.76491928100586
0,mean_pine_rel,13.980238914489746
0,mean_pine_rel,49.550052642822266
0,mean_pine_rel,41.44870376586914
0,mean_pine_rel,61.38597106933594
0,mean_pine_rel,49.67269515991211
0,mean_pine_rel,73.49138641357422
0,mean_pine_rel,46.031097412109375
0,mean_pine_rel,51.840301513671875
0,mean_pine_rel,34.8814697265625
0,mean_pine_rel,51.17575454711914
0,mean_pine_rel,47.76671600341797
0,mean_pine_rel,49.03990173339844
0,mean_pine_rel,48.03679656982422
0,mean_pine_rel,61.4018440246582
0,mean_pine_rel,56.581504821777344
0,mean_pine_rel,45.57651901245117
0,mean_pine_rel,48.04422378540039
0,mean_pine_rel,47.26702880859375
0,mean_pine_rel,55.918861389160156
0,mean_pine_rel,75.82036590576172
0,mean_pine_rel,83.62178802490234
0,mean_pine_rel,84.42402648925781
0,mean_pine_rel,61.62171173095703
0,mean_pine_rel,56.38010025024414
0,mean_pine_rel,71.83336639404297
0,mean_pine_rel,71.47418212890625
0,mean_pine_rel,50.342491149902344
0,mean_pine_rel,51.88614273071289
0,mean_pine_rel,41.37668991088867
0,mean_pine_rel,45.208526611328125
0,mean_pine_rel,39.37481689453125
0,mean_pine_rel,21.02960968017578
0,mean_pine_rel,32.15001678466797
0,mean_pine_rel,56.186275482177734
0,mean_pine_rel,58.68171310424805
0,mean_pine_rel,70.75318145751953
0,mean_pine_rel,60.14358901977539
0,mean_pine_rel,23.032846450805664
0,mean_pine_rel,69.57061004638672
0,mean_pine_rel,65.54656982421875
0,mean_pine_rel,90.316436767578125
0,mean_pine_rel,79.9278793334961
0,mean_pine_rel,58.358978271484375
0,mean_pine_rel,60.095794677734375
0,mean_pine_rel,56.993988037109375
0,mean_pine_rel,49.70138168334961
0,mean_pine_rel,51.51494216918945
0,mean_pine_rel,51.64079666137695
0,mean_pine_rel,30.441566467285156
0,mean_pine_rel,71.22151184082031
0,mean_pine_rel,69.5628662109375
0,mean_pine_rel,58.45584487915039
0,mean_pine_rel,53.90993118286133
0,mean_pine_rel,40.77195739746094
0,mean_pine_rel,58.463035583496094
0,mean_pine_rel,38.12889099121094
0,mean_pine_rel,65.05928802490234
0,mean_pine_rel,56.5838737487793
0,mean_pine_rel,43.7656135559082
0,mean_pine_rel,51.81281661987305
0,mean_pine_rel,35.93303680419922
0,mean_pine_rel,72.43120574951172
0,mean_pine_rel,71.31672668457031
0,mean_pine_rel,45.485260009765625
0,mean_pine_rel,83.07135009765625
0,mean_pine_rel,82.59461975097656
0,mean_pine_rel,85.20643615722656
0,mean_pine_rel,0
0,mean_pine_rel,78.3074951171875
0,mean_pine_rel,76.5842056274414
0,mean_pine_rel,50.879520416259766
0,mean_pine_rel,60.036354064941406
0,mean_pine_rel,53.14429473876953
0,mean_pine_rel,48.202674865722656
0,mean_pine_rel,73.768524169921875
0,mean_pine_rel,73.768524169921875
0,mean_pine_rel,31.1320743560791
0,mean_pine_rel,31.1320743560791
0,mean_pine_rel,85.711273193359375
0,mean_pine_rel,85.711273193359375
0,mean_pine_rel,0
0,mean_pine_rel,0
0,mean_pine_rel,81.48148345947266
0,mean_pine_rel,81.48148345947266
0,mean_pine_rel,36.81259536743164
0,mean_pine_rel,36.81259536743164
0,mean_pine_rel,18.85312271118164
0,mean_pine_rel,18.85312271118164
0,mean_pine_rel,0
0,mean_pine_rel,0
0,mean_pine_rel,9.873407363891602
0,mean_pine_rel,9.873407363891602
0,mean_pine_rel,14.285715103149414
0,mean_pine_rel,14.285715103149414
0,mean_pine_rel,0
0,mean_pine_rel,0
0,mean_pine_rel,31.813175201416016
0,mean_pine_rel,31.813175201416016
0,mean_pine_rel,75.45408630371094
0,mean_pine_rel,75.45408630371094
0,mean_pine_rel,68.85236358642578
0,mean_pine_rel,68.85236358642578
0,mean_pine_rel,58
0,mean_pine_rel,58
0,mean_pine_rel,41.04161071777344
0,mean_pine_rel,41.04161071777344
0,mean_pine_rel,0
0,mean_pine_rel,0
0,mean_pine_rel,45.024810791015625
0,mean_pine_rel,45.024810791015625
0,mean_pine_rel,0
0,mean_pine_rel,0
0,mean_pine_rel,0
0,mean_pine_rel,0
0,mean_pine_rel,72.63157653808594
0,mean_pine_rel,72.63157653808594
0,mean_pine_rel,34.986656188964844
0,mean_pine_rel,34.986656188964844
0,mean_pine_rel,62.33419418334961
0,mean_pine_rel,62.33419418334961
0,mean_pine_rel,74.358978271484375
0,mean_pine_rel,74.358978271484375
0,mean_pine_rel,0
0,mean_pine_rel,0
0,mean_pine_rel,93.75
0,mean_pine_rel,93.75
0,mean_pine_rel,0
0,mean_pine_rel,0
0,mean_pine_rel,50
0,mean_pine_rel,50
0,mean_pine_rel,0
0,mean_pine_rel,0
0,mean_pine_rel,0
0,mean_pine_rel,0
0,mean_pine_rel,76.32849884033203
0,mean_pine_rel,76.32849884033203
0,mean_pine_rel,0
1,mean_spruce_rel,16.11275291442871
1,mean_spruce_rel,28.461206436157227
1,mean_spruce_rel,25.16306495666504
1,mean_spruce_rel,23.881107330322266
1,mean_spruce_rel,20.521726608276367
1,mean_spruce_rel,35.89154815673828
1,mean_spruce_rel,28.50302505493164
1,mean_spruce_rel,32.2209587097168
1,mean_spruce_rel,26.40664291381836
1,mean_spruce_rel,21.08376693725586
1,mean_spruce_rel,32.797462463378906
1,mean_spruce_rel,42.1805534362793
1,mean_spruce_rel,25.433591842651367
1,mean_spruce_rel,58.58626937866211
1,mean_spruce_rel,23.754732131958008
1,mean_spruce_rel,45.33098602294922
1,mean_spruce_rel,0
1,mean_spruce_rel,70.78631591796875
1,mean_spruce_rel,0
1,mean_spruce_rel,35.10811233520508
1,mean_spruce_rel,35.49484634399414
1,mean_spruce_rel,24.20553970336914
1,mean_spruce_rel,29.654273986816406
1,mean_spruce_rel,37.5
1,mean_spruce_rel,0
1,mean_spruce_rel,40.625431060791016
1,mean_spruce_rel,27.892181396484375
1,mean_spruce_rel,23.569875717163086
1,mean_spruce_rel,37.69120407104492
1,mean_spruce_rel,21.661317825317383
1,mean_spruce_rel,51.1402587890625
1,mean_spruce_rel,5.855144023895264
1,mean_spruce_rel,17.65578269958496
1,mean_spruce_rel,24.244335174560547
1,mean_spruce_rel,22.741336822509766
1,mean_spruce_rel,25.87249183654785
1,mean_spruce_rel,18.537458419799805
1,mean_spruce_rel,23.142440795898437
1,mean_spruce_rel,15.15151596069336
1,mean_spruce_rel,25.17447853088379
1,mean_spruce_rel,23.162324905395508
1,mean_spruce_rel,27.33572769165039
1,mean_spruce_rel,28.303550720214844
1,mean_spruce_rel,25.27603530883789
1,mean_spruce_rel,28.69286346435547
1,mean_spruce_rel,0
1,mean_spruce_rel,22.105262756347656
1,mean_spruce_rel,26.510448455810547
1,mean_spruce_rel,25.271472930908203
1,mean_spruce_rel,25.93103790283203
1,mean_spruce_rel,37.69841384887695
1,mean_spruce_rel,44.21040725708008
1,mean_spruce_rel,3.757178544998169
1,mean_spruce_rel,30.90447998046875
1,mean_spruce_rel,23.993913650512695
1,mean_spruce_rel,24.209741592407227
1,mean_spruce_rel,23.878190994262695
1,mean_spruce_rel,23.91908836364746
1,mean_spruce_rel,17.357568740844727
1,mean_spruce_rel,57.694766998291016
1,mean_spruce_rel,29.55347442626953
1,mean_spruce_rel,11.541839599609375
1,mean_spruce_rel,9.30064582824707
1,mean_spruce_rel,18.367713928222656
1,mean_spruce_rel,37.69661331176758
1,mean_spruce_rel,13.308403968811035
1,mean_spruce_rel,4.79751443862915
1,mean_spruce_rel,5.358816146850586
1,mean_spruce_rel,3.4597530364990234
1,mean_spruce_rel,5.183841228485107
1,mean_spruce_rel,19.5540771484375
1,mean_spruce_rel,19.328445434570313
1,mean_spruce_rel,22.073040008544922
1,mean_spruce_rel,20.764196395874023
1,mean_spruce_rel,25.086137771606445
1,mean_spruce_rel,54.37574768066406
1,mean_spruce_rel,27.6691951751709
1,mean_spruce_rel,20.359928131103516
1,mean_spruce_rel,17.48338508605957
1,mean_spruce_rel,11.533923149108887
1,mean_spruce_rel,28.10221290588379
1,mean_spruce_rel,24.77801513671875
1,mean_spruce_rel,30.763076782226563
1,mean_spruce_rel,20.82836151123047
1,mean_spruce_rel,12.991812705993652
1,mean_spruce_rel,24.905855178833008
1,mean_spruce_rel,32.04301452636719
1,mean_spruce_rel,37.742340087890625
1,mean_spruce_rel,27.39049530029297
1,mean_spruce_rel,41.06417465209961
1,mean_spruce_rel,43.4567985534668
1,mean_spruce_rel,26.164871215820312
1,mean_spruce_rel,26.513944625854492
1,mean_spruce_rel,15.058525085449219
1,mean_spruce_rel,49.6789665222168
1,mean_spruce_rel,27.886381149291992
1,mean_spruce_rel,40.885292053222656
1,mean_spruce_rel,31.745885848999023
1,mean_spruce_rel,30.727373123168945
1,mean_spruce_rel,32.324058532714844
1,mean_spruce_rel,39.84244918823242
1,mean_spruce_rel,24.478742599487305
1,mean_spruce_rel,27.252208709716797
1,mean_spruce_rel,43.79570007324219
1,mean_spruce_rel,33.09347915649414
1,mean_spruce_rel,34.09688186645508
1,mean_spruce_rel,26.838842391967773
1,mean_spruce_rel,17.346132278442383
1,mean_spruce_rel,7.655987739562988
1,mean_spruce_rel,11.624687194824219
1,mean_spruce_rel,29.144128799438477
1,mean_spruce_rel,29.715505599975586
1,mean_spruce_rel,16.453632354736328
1,mean_spruce_rel,20.091079711914063
1,mean_spruce_rel,33.795623779296875
1,mean_spruce_rel,34.441524505615234
1,mean_spruce_rel,13.566022872924805
1,mean_spruce_rel,32.15450668334961
1,mean_spruce_rel,37.16093444824219
1,mean_spruce_rel,49.7209358215332
1,mean_spruce_rel,33.18409729003906
1,mean_spruce_rel,27.77584457397461
1,mean_spruce_rel,26.203168869018555
1,mean_spruce_rel,22.45625877380371
1,mean_spruce_rel,29.912649154663086
1,mean_spruce_rel,37.488983154296875
1,mean_spruce_rel,15.32391357421875
1,mean_spruce_rel,22.307199478149414
1,mean_spruce_rel,3.3703272342681885
1,mean_spruce_rel,13.955812454223633
1,mean_spruce_rel,22.096153259277344
1,mean_spruce_rel,18.924072265625
1,mean_spruce_rel,23.951322555541992
1,mean_spruce_rel,21.76185417175293
1,mean_spruce_rel,18.0926570892334
1,mean_spruce_rel,11.61255931854248
1,mean_spruce_rel,7.654278755187988
1,mean_spruce_rel,20.67392921447754
1,mean_spruce_rel,15.45101261138916
1,mean_spruce_rel,19.105894088745117
1,mean_spruce_rel,23.866167068481445
1,mean_spruce_rel,30.00673484802246
1,mean_spruce_rel,29.79269790649414
1,mean_spruce_rel,35.12881851196289
1,mean_spruce_rel,24.652782440185547
1,mean_spruce_rel,29.029794692993164
1,mean_spruce_rel,40.66712951660156
1,mean_spruce_rel,35.43027877807617
1,mean_spruce_rel,42.0265007019043
1,mean_spruce_rel,13.129668235778809
1,mean_spruce_rel,13.859260559082031
1,mean_spruce_rel,25.13112449645996
1,mean_spruce_rel,10.725678443908691
1,mean_spruce_rel,10.988451957702637
1,mean_spruce_rel,6.250000476837158
1,mean_spruce_rel,0
1,mean_spruce_rel,1.1009427309036255
1,mean_spruce_rel,12.810707092285156
1,mean_spruce_rel,27.007535934448242
1,mean_spruce_rel,23.70648765563965
1,mean_spruce_rel,28.83064842224121
1,mean_spruce_rel,33.27128601074219
0,mean_spruce_rel,16.66693115234375
0,mean_spruce_rel,32.90469741821289
0,mean_spruce_rel,28.604530334472656
0,mean_spruce_rel,28.13947868347168
0,mean_spruce_rel,24.617637634277344
0,mean_spruce_rel,46.352054595947266
0,mean_spruce_rel,27.823816299438477
0,mean_spruce_rel,40.199851989746094
0,mean_spruce_rel,31.320858001708984
0,mean_spruce_rel,20.278715133666992
0,mean_spruce_rel,36.12605667114258
0,mean_spruce_rel,28.577621459960937
0,mean_spruce_rel,15.935193061828613
0,mean_spruce_rel,46.99069595336914
0,mean_spruce_rel,29.797746658325195
0,mean_spruce_rel,41.00080108642578
0,mean_spruce_rel,0
0,mean_spruce_rel,61.504859924316406
0,mean_spruce_rel,30.000001907348633
0,mean_spruce_rel,32.56547546386719
0,mean_spruce_rel,29.378679275512695
0,mean_spruce_rel,33.91952133178711
0,mean_spruce_rel,25.385066986083984
0,mean_spruce_rel,40.79548263549805
0,mean_spruce_rel,25.35211181640625
0,mean_spruce_rel,34.803585052490234
0,mean_spruce_rel,27.16452980041504
0,mean_spruce_rel,28.75572967529297
0,mean_spruce_rel,30.926780700683594
0,mean_spruce_rel,28.327123641967773
0,mean_spruce_rel,42.022884368896484
0,mean_spruce_rel,11.906083106994629
0,mean_spruce_rel,18.239730834960938
0,mean_spruce_rel,22.48066520690918
0,mean_spruce_rel,28.73122215270996
0,mean_spruce_rel,26.312644958496094
0,mean_spruce_rel,21.01568603515625
0,mean_spruce_rel,15.065743446350098
0,mean_spruce_rel,15.90969467163086
0,mean_spruce_rel,25.984556198120117
0,mean_spruce_rel,31.008197784423828
0,mean_spruce_rel,25.054792404174805
0,mean_spruce_rel,30.78299331665039
0,mean_spruce_rel,30.191408157348633
0,mean_spruce_rel,32.58362579345703
0,mean_spruce_rel,0
0,mean_spruce_rel,22.105262756347656
0,mean_spruce_rel,31.477018356323242
0,mean_spruce_rel,25.919536590576172
0,mean_spruce_rel,26.34227180480957
0,mean_spruce_rel,25.592832565307617
0,mean_spruce_rel,38.52683639526367
0,mean_spruce_rel,6.8590874671936035
0,mean_spruce_rel,28.009662628173828
0,mean_spruce_rel,22.982351303100586
0,mean_spruce_rel,20.665056228637695
0,mean_spruce_rel,25.562652587890625
0,mean_spruce_rel,25.073802947998047
0,mean_spruce_rel,15.78430461883545
0,mean_spruce_rel,52.70734405517578
0,mean_spruce_rel,31.258636474609375
0,mean_spruce_rel,10.503999710083008
0,mean_spruce_rel,11.531295776367188
0,mean_spruce_rel,22.710311889648438
0,mean_spruce_rel,30.371000289916992
0,mean_spruce_rel,15.037806510925293
0,mean_spruce_rel,8.157648086547852
0,mean_spruce_rel,7.2781758308410645
0,mean_spruce_rel,3.9886560440063477
0,mean_spruce_rel,34.351383209228516
0,mean_spruce_rel,21.79482650756836
0,mean_spruce_rel,23.275728225708008
0,mean_spruce_rel,35.97964859008789
0,mean_spruce_rel,16.24475860595703
0,mean_spruce_rel,24.54108428955078
0,mean_spruce_rel,51.9600944519043
0,mean_spruce_rel,28.87484359741211
0,mean_spruce_rel,28.153156280517578
0,mean_spruce_rel,18.148738861083984
0,mean_spruce_rel,7.913327217102051
0,mean_spruce_rel,18.440153121948242
0,mean_spruce_rel,19.61707878112793
0,mean_spruce_rel,25.640443801879883
0,mean_spruce_rel,22.331972122192383
0,mean_spruce_rel,13.233354568481445
0,mean_spruce_rel,26.089111328125
0,mean_spruce_rel,32.90392303466797
0,mean_spruce_rel,43.31153106689453
0,mean_spruce_rel,21.26839828491211
0,mean_spruce_rel,38.80308532714844
0,mean_spruce_rel,48.250919342041016
0,mean_spruce_rel,25.319684982299805
0,mean_spruce_rel,27.090051651000977
0,mean_spruce_rel,17.810302734375
0,mean_spruce_rel,42.70752716064453
0,mean_spruce_rel,27.320213317871094
0,mean_spruce_rel,38.93960189819336
0,mean_spruce_rel,33.744205474853516
0,mean_spruce_rel,33.6685905456543
0,mean_spruce_rel,33.21886444091797
0,mean_spruce_rel,46.54478073120117
0,mean_spruce_rel,32.08110809326172
0,mean_spruce_rel,32.458595275878906
0,mean_spruce_rel,44.49598693847656
0,mean_spruce_rel,38.31554412841797
0,mean_spruce_rel,35.80537033081055
0,mean_spruce_rel,26.85308265686035
0,mean_spruce_rel,17.99036407470703
0,mean_spruce_rel,9.399957656860352
0,mean_spruce_rel,9.49145793914795
0,mean_spruce_rel,30.167482376098633
0,mean_spruce_rel,29.86240577697754
0,mean_spruce_rel,20.625064849853516
0,mean_spruce_rel,23.677461624145508
0,mean_spruce_rel,33.08139419555664
0,mean_spruce_rel,33.020442962646484
0,mean_spruce_rel,19.881454467773438
0,mean_spruce_rel,34.35544967651367
0,mean_spruce_rel,35.694705963134766
0,mean_spruce_rel,53.811309814453125
0,mean_spruce_rel,37.4917106628418
0,mean_spruce_rel,28.748472213745117
0,mean_spruce_rel,31.50639533996582
0,mean_spruce_rel,22.415058135986328
0,mean_spruce_rel,21.70689582824707
0,mean_spruce_rel,41.71344757080078
0,mean_spruce_rel,14.907506942749023
0,mean_spruce_rel,23.531309127807617
0,mean_spruce_rel,2.2765843868255615
0,mean_spruce_rel,10.760022163391113
0,mean_spruce_rel,20.90667152404785
0,mean_spruce_rel,19.089445114135742
0,mean_spruce_rel,23.01004409790039
0,mean_spruce_rel,26.865478515625
0,mean_spruce_rel,24.792499542236328
0,mean_spruce_rel,12.51779556274414
0,mean_spruce_rel,11.417184829711914
0,mean_spruce_rel,17.851192474365234
0,mean_spruce_rel,16.500301361083984
0,mean_spruce_rel,14.853811264038086
0,mean_spruce_rel,21.745765686035156
0,mean_spruce_rel,28.862686157226563
0,mean_spruce_rel,25.6721248626709
0,mean_spruce_rel,33.269840240478516
0,mean_spruce_rel,23.541767120361328
0,mean_spruce_rel,24.956375122070312
0,mean_spruce_rel,39.127357482910156
0,mean_spruce_rel,33.02793884277344
0,mean_spruce_rel,44.31671142578125
0,mean_spruce_rel,12.900077819824219
0,mean_spruce_rel,19.319477081298828
0,mean_spruce_rel,39.78553009033203
0,mean_spruce_rel,9.864988327026367
0,mean_spruce_rel,13.096858978271484
0,mean_spruce_rel,11.216533660888672
0,mean_spruce_rel,0
0,mean_spruce_rel,14.518852233886719
0,mean_spruce_rel,13.713984489440918
0,mean_spruce_rel,29.93903923034668
0,mean_spruce_rel,26.404640197753906
0,mean_spruce_rel,35.31021499633789
0,mean_spruce_rel,35.69906997680664
0,mean_spruce_rel,22.760501861572266
0,mean_spruce_rel,22.760501861572266
0,mean_spruce_rel,61.32075119018555
0,mean_spruce_rel,61.32075119018555
0,mean_spruce_rel,11.734131813049316
0,mean_spruce_rel,11.734131813049316
0,mean_spruce_rel,0
0,mean_spruce_rel,0
0,mean_spruce_rel,5.555555820465088
0,mean_spruce_rel,5.555555820465088
0,mean_spruce_rel,22.929443359375
0,mean_spruce_rel,22.929443359375
0,mean_spruce_rel,36.6372184753418
0,mean_spruce_rel,36.6372184753418
0,mean_spruce_rel,0
0,mean_spruce_rel,0
0,mean_spruce_rel,31.086034774780273
0,mean_spruce_rel,31.086034774780273
0,mean_spruce_rel,32.14285659790039
0,mean_spruce_rel,32.14285659790039
0,mean_spruce_rel,0
0,mean_spruce_rel,0
0,mean_spruce_rel,45.450233459472656
0,mean_spruce_rel,45.450233459472656
0,mean_spruce_rel,14.189557075500488
0,mean_spruce_rel,14.189557075500488
0,mean_spruce_rel,22.6754150390625
0,mean_spruce_rel,22.6754150390625
0,mean_spruce_rel,22
0,mean_spruce_rel,22
0,mean_spruce_rel,31.637508392333984
0,mean_spruce_rel,31.637508392333984
0,mean_spruce_rel,0
0,mean_spruce_rel,0
0,mean_spruce_rel,32.23555374145508
0,mean_spruce_rel,32.23555374145508
0,mean_spruce_rel,0
0,mean_spruce_rel,0
0,mean_spruce_rel,0
0,mean_spruce_rel,0
0,mean_spruce_rel,22.105262756347656
0,mean_spruce_rel,22.105262756347656
0,mean_spruce_rel,37.84335708618164
0,mean_spruce_rel,37.84335708618164
0,mean_spruce_rel,23.402042388916016
0,mean_spruce_rel,23.402042388916016
0,mean_spruce_rel,7.692307949066162
0,mean_spruce_rel,7.692307949066162
0,mean_spruce_rel,0
0,mean_spruce_rel,0
0,mean_spruce_rel,6.25
0,mean_spruce_rel,6.25
0,mean_spruce_rel,0
0,mean_spruce_rel,0
0,mean_spruce_rel,3.9473681449890137
0,mean_spruce_rel,3.9473681449890137
0,mean_spruce_rel,0
0,mean_spruce_rel,0
0,mean_spruce_rel,0
0,mean_spruce_rel,0
0,mean_spruce_rel,17.328868865966797
0,mean_spruce_rel,17.328868865966797
0,mean_spruce_rel,0
1,mean_decid_rel,1.779043197631836
1,mean_decid_rel,3.3938257694244385
1,mean_decid_rel,2.141235589981079
1,mean_decid_rel,62.65333557128906
1,mean_decid_rel,38.67240524291992
1,mean_decid_rel,305.1532287597656
1,mean_decid_rel,143.74685668945312
1,mean_decid_rel,224.52880859375
1,mean_decid_rel,102.14677429199219
1,mean_decid_rel,9.223981857299805
1,mean_decid_rel,149.20436096191406
1,mean_decid_rel,396.06292724609375
1,mean_decid_rel,66.09071350097656
1,mean_decid_rel,323.8567810058594
1,mean_decid_rel,429.97723388671875
1,mean_decid_rel,622.79156494140625
1,mean_decid_rel,0
1,mean_decid_rel,72.22242736816406
1,mean_decid_rel,0
1,mean_decid_rel,198.8596954345703
1,mean_decid_rel,56.583518981933594
1,mean_decid_rel,289.9995422363281
1,mean_decid_rel,234.31687927246094
1,mean_decid_rel,625
1,mean_decid_rel,0
1,mean_decid_rel,32.81864929199219
1,mean_decid_rel,53.775665283203125
1,mean_decid_rel,69.41114044189453
1,mean_decid_rel,62.3014030456543
1,mean_decid_rel,78.86442565917969
1,mean_decid_rel,19.699495315551758
1,mean_decid_rel,3.931960344314575
1,mean_decid_rel,29.390613555908203
1,mean_decid_rel,96.36551666259766
1,mean_decid_rel,51.64917755126953
1,mean_decid_rel,29.774063110351563
1,mean_decid_rel,21.189523696899414
1,mean_decid_rel,18.622159957885742
1,mean_decid_rel,36.7309455871582
1,mean_decid_rel,28.868976593017578
1,mean_decid_rel,23.573467254638672
1,mean_decid_rel,63.75712966918945
1,mean_decid_rel,42.345130920410156
1,mean_decid_rel,29.132539749145508
1,mean_decid_rel,56.78828048706055
1,mean_decid_rel,0
1,mean_decid_rel,5.540165901184082
1,mean_decid_rel,22.227523803710938
1,mean_decid_rel,22.24647331237793
1,mean_decid_rel,27.61949920654297
1,mean_decid_rel,46.653812408447266
1,mean_decid_rel,8.011584281921387
1,mean_decid_rel,4929.05908203125
1,mean_decid_rel,131.9505615234375
1,mean_decid_rel,41.94845199584961
1,mean_decid_rel,18.293439865112305
1,mean_decid_rel,15.049873352050781
1,mean_decid_rel,4.158772945404053
1,mean_decid_rel,8.33569049835205
1,mean_decid_rel,16.21306610107422
1,mean_decid_rel,15.932310104370117
1,mean_decid_rel,4.190762996673584
1,mean_decid_rel,48.21778106689453
1,mean_decid_rel,20.756877899169922
1,mean_decid_rel,6.34399938583374
1,mean_decid_rel,5.9654340744018555
1,mean_decid_rel,4.978161811828613
1,mean_decid_rel,3.74641489982605
1,mean_decid_rel,7.101237773895264
1,mean_decid_rel,6.995171070098877
1,mean_decid_rel,19.011117935180664
1,mean_decid_rel,19.96397590637207
1,mean_decid_rel,1.2604700326919556
1,mean_decid_rel,61.40385055541992
1,mean_decid_rel,23.731220245361328
1,mean_decid_rel,3.354146718978882
1,mean_decid_rel,3.00146222114563
1,mean_decid_rel,229.31764221191406
1,mean_decid_rel,2.0009148120880127
1,mean_decid_rel,73.37328338623047
1,mean_decid_rel,2.227254629135132
1,mean_decid_rel,5.200307369232178
1,mean_decid_rel,87.29068756103516
1,mean_decid_rel,6.062145709991455
1,mean_decid_rel,12.796012878417969
1,mean_decid_rel,18.011756896972656
1,mean_decid_rel,64.66686248779297
1,mean_decid_rel,54.6591911315918
1,mean_decid_rel,62.116172790527344
1,mean_decid_rel,19.33051109313965
1,mean_decid_rel,57.41027069091797
1,mean_decid_rel,37.574954986572266
1,mean_decid_rel,18.384471893310547
1,mean_decid_rel,6.672278881072998
1,mean_decid_rel,6.031031131744385
1,mean_decid_rel,15.471437454223633
1,mean_decid_rel,18.70574378967285
1,mean_decid_rel,133.04002380371094
1,mean_decid_rel,320.83489990234375
1,mean_decid_rel,36.53526306152344
1,mean_decid_rel,4.425724506378174
1,mean_decid_rel,4.968862056732178
1,mean_decid_rel,26.812040328979492
1,mean_decid_rel,8.691258430480957
1,mean_decid_rel,40.39057540893555
1,mean_decid_rel,25.928388595581055
1,mean_decid_rel,32.74125289916992
1,mean_decid_rel,52.034969329833984
1,mean_decid_rel,20.77599334716797
1,mean_decid_rel,6.729893207550049
1,mean_decid_rel,3.6395134925842285
1,mean_decid_rel,6.917558193206787
1,mean_decid_rel,18.86266326904297
1,mean_decid_rel,3.0889973640441895
1,mean_decid_rel,78.20214080810547
1,mean_decid_rel,16.57135581970215
1,mean_decid_rel,443.7132873535156
1,mean_decid_rel,33.4893798828125
1,mean_decid_rel,26.890804290771484
1,mean_decid_rel,29.31387710571289
1,mean_decid_rel,72.06361389160156
1,mean_decid_rel,45.75230026245117
1,mean_decid_rel,10.205892562866211
1,mean_decid_rel,9.024888038635254
1,mean_decid_rel,114.18158721923828
1,mean_decid_rel,161.64389038085937
1,mean_decid_rel,69.9881591796875
1,mean_decid_rel,24.764841079711914
1,mean_decid_rel,57.68417739868164
1,mean_decid_rel,17.613344192504883
1,mean_decid_rel,38.96052551269531
1,mean_decid_rel,82.017486572265625
1,mean_decid_rel,47.542701721191406
1,mean_decid_rel,40.71558380126953
1,mean_decid_rel,19.537200927734375
1,mean_decid_rel,83.98442840576172
1,mean_decid_rel,50.03529739379883
1,mean_decid_rel,9.39241886138916
1,mean_decid_rel,16.60150718688965
1,mean_decid_rel,40.015525817871094
1,mean_decid_rel,25.9965763092041
1,mean_decid_rel,43.10469055175781
1,mean_decid_rel,62.459232330322266
1,mean_decid_rel,32.662513732910156
1,mean_decid_rel,83.894073486328125
1,mean_decid_rel,33.64955139160156
1,mean_decid_rel,88.998748779296875
1,mean_decid_rel,27.382591247558594
1,mean_decid_rel,31.33847427368164
1,mean_decid_rel,23.56794548034668
1,mean_decid_rel,9.656852722167969
1,mean_decid_rel,19.862241744995117
1,mean_decid_rel,11.999404907226562
1,mean_decid_rel,11.465126991271973
1,mean_decid_rel,0
1,mean_decid_rel,0
1,mean_decid_rel,35.92205047607422
1,mean_decid_rel,8.942431449890137
1,mean_decid_rel,84.40203857421875
1,mean_decid_rel,29.480634689331055
1,mean_decid_rel,26.809701919555664
1,mean_decid_rel,25.654279708862305
0,mean_decid_rel,2.9962899684906006
0,mean_decid_rel,2.7614622116088867
0,mean_decid_rel,2.20310378074646
0,mean_decid_rel,28.602474212646484
0,mean_decid_rel,21.857023239135742
0,mean_decid_rel,185.06112670898437
0,mean_decid_rel,247.1940155029297
0,mean_decid_rel,132.46444702148437
0,mean_decid_rel,73.51300811767578
0,mean_decid_rel,5.50307035446167
0,mean_decid_rel,65.01604461669922
0,mean_decid_rel,198.34104919433594
0,mean_decid_rel,159.0659637451172
0,mean_decid_rel,292.9375
0,mean_decid_rel,390.9008483886719
0,mean_decid_rel,204.7919921875
0,mean_decid_rel,0
0,mean_decid_rel,192.32508850097656
0,mean_decid_rel,600.0001220703125
0,mean_decid_rel,44.221309661865234
0,mean_decid_rel,74.860595703125
0,mean_decid_rel,33.162010192871094
0,mean_decid_rel,75.94458770751953
0,mean_decid_rel,53.927406311035156
0,mean_decid_rel,21.821067810058594
0,mean_decid_rel,23.04747200012207
0,mean_decid_rel,19.80938148498535
0,mean_decid_rel,93.69810485839844
0,mean_decid_rel,20.492733001708984
0,mean_decid_rel,50.13282012939453
0,mean_decid_rel,27.41032600402832
0,mean_decid_rel,14.879091262817383
0,mean_decid_rel,24.573226928710938
0,mean_decid_rel,21.158554077148437
0,mean_decid_rel,60.38264846801758
0,mean_decid_rel,74.76051330566406
0,mean_decid_rel,49.43783950805664
0,mean_decid_rel,14.04638385772705
0,mean_decid_rel,37.09285354614258
0,mean_decid_rel,45.539337158203125
0,mean_decid_rel,33.92524719238281
0,mean_decid_rel,45.48810577392578
0,mean_decid_rel,35.35835647583008
0,mean_decid_rel,27.29742431640625
0,mean_decid_rel,39.7630500793457
0,mean_decid_rel,0
0,mean_decid_rel,5.540165901184082
0,mean_decid_rel,28.36809539794922
0,mean_decid_rel,21.224414825439453
0,mean_decid_rel,37.75736999511719
0,mean_decid_rel,70.75250244140625
0,mean_decid_rel,12.12976360321045
0,mean_decid_rel,1686.3948974609375
0,mean_decid_rel,215.14772033691406
0,mean_decid_rel,189.24256896972656
0,mean_decid_rel,33.253780364990234
0,mean_decid_rel,22.873441696166992
0,mean_decid_rel,58.63285827636719
0,mean_decid_rel,54.00527572631836
0,mean_decid_rel,17.160905838012695
0,mean_decid_rel,24.426054000854492
0,mean_decid_rel,191.2984161376953
0,mean_decid_rel,14.593881607055664
0,mean_decid_rel,35.137630462646484
0,mean_decid_rel,25.975975036621094
0,mean_decid_rel,9.12867546081543
0,mean_decid_rel,8.777215957641602
0,mean_decid_rel,25.361083984375
0,mean_decid_rel,11.51829719543457
0,mean_decid_rel,11.562952041625977
0,mean_decid_rel,22.591655731201172
0,mean_decid_rel,29.754810333251953
0,mean_decid_rel,2.0556159019470215
0,mean_decid_rel,14.411993980407715
0,mean_decid_rel,17.869047164916992
0,mean_decid_rel,4.062504291534424
0,mean_decid_rel,2.144697666168213
0,mean_decid_rel,174.15499877929687
0,mean_decid_rel,13.716304779052734
0,mean_decid_rel,80.97117614746094
0,mean_decid_rel,3.925867795944214
0,mean_decid_rel,9.568416595458984
0,mean_decid_rel,131.41409301757812
0,mean_decid_rel,34.880741119384766
0,mean_decid_rel,46.290771484375
0,mean_decid_rel,169.22238159179687
0,mean_decid_rel,50.35466003417969
0,mean_decid_rel,139.0996551513672
0,mean_decid_rel,71.54878234863281
0,mean_decid_rel,71.47990417480469
0,mean_decid_rel,36.853031158447266
0,mean_decid_rel,170.0136260986328
0,mean_decid_rel,19.046741485595703
0,mean_decid_rel,7.576586723327637
0,mean_decid_rel,11.208381652832031
0,mean_decid_rel,19.18610382080078
0,mean_decid_rel,31.1395206451416
0,mean_decid_rel,271.550537109375
0,mean_decid_rel,122.16887664794922
0,mean_decid_rel,15.157041549682617
0,mean_decid_rel,15.064637184143066
0,mean_decid_rel,9.114032745361328
0,mean_decid_rel,53.21858596801758
0,mean_decid_rel,6.454089164733887
0,mean_decid_rel,17.173324584960937
0,mean_decid_rel,20.948925018310547
0,mean_decid_rel,30.753087997436523
0,mean_decid_rel,82.99195098876953
0,mean_decid_rel,22.464195251464844
0,mean_decid_rel,10.489274978637695
0,mean_decid_rel,6.268925189971924
0,mean_decid_rel,9.197611808776855
0,mean_decid_rel,16.50495719909668
0,mean_decid_rel,3.364086151123047
0,mean_decid_rel,66.9337387084961
0,mean_decid_rel,18.618335723876953
0,mean_decid_rel,666.0230712890625
0,mean_decid_rel,34.91822814941406
0,mean_decid_rel,121.72112274169922
0,mean_decid_rel,25.97170066833496
0,mean_decid_rel,48.59745407104492
0,mean_decid_rel,50.32736587524414
0,mean_decid_rel,60.998924255371094
0,mean_decid_rel,4.987120151519775
0,mean_decid_rel,94.4868392944336
0,mean_decid_rel,266.5989685058594
0,mean_decid_rel,177.3280029296875
0,mean_decid_rel,53.89280319213867
0,mean_decid_rel,89.21311950683594
0,mean_decid_rel,17.467878341674805
0,mean_decid_rel,50.94381332397461
0,mean_decid_rel,72.72218322753906
0,mean_decid_rel,43.72554397583008
0,mean_decid_rel,81.727813720703125
0,mean_decid_rel,39.6572151184082
0,mean_decid_rel,55.27019119262695
0,mean_decid_rel,73.23577117919922
0,mean_decid_rel,8.759151458740234
0,mean_decid_rel,23.715530395507813
0,mean_decid_rel,52.68036651611328
0,mean_decid_rel,37.89501190185547
0,mean_decid_rel,44.23868179321289
0,mean_decid_rel,31.60029411315918
0,mean_decid_rel,63.87150955200195
0,mean_decid_rel,75.762786865234375
0,mean_decid_rel,42.5400276184082
0,mean_decid_rel,86.26673126220703
0,mean_decid_rel,27.47307777404785
0,mean_decid_rel,38.38280487060547
0,mean_decid_rel,25.87925910949707
0,mean_decid_rel,17.320484161376953
0,mean_decid_rel,22.288848876953125
0,mean_decid_rel,12.476456642150879
0,mean_decid_rel,6.604741096496582
0,mean_decid_rel,17.88925552368164
0,mean_decid_rel,0
0,mean_decid_rel,32.89225387573242
0,mean_decid_rel,8.509724617004395
0,mean_decid_rel,104.91856384277344
0,mean_decid_rel,26.1181583404541
0,mean_decid_rel,21.174503326416016
0,mean_decid_rel,35.60055160522461
0,mean_decid_rel,2.321552276611328
0,mean_decid_rel,2.321552276611328
0,mean_decid_rel,7.119970798492432
0,mean_decid_rel,7.119970798492432
0,mean_decid_rel,19.228336334228516
0,mean_decid_rel,19.228336334228516
0,mean_decid_rel,0
0,mean_decid_rel,0
0,mean_decid_rel,10.288066864013672
0,mean_decid_rel,10.288066864013672
0,mean_decid_rel,327.4244079589844
0,mean_decid_rel,327.4244079589844
0,mean_decid_rel,276.80914306640625
0,mean_decid_rel,276.80914306640625
0,mean_decid_rel,0
0,mean_decid_rel,0
0,mean_decid_rel,585.94671630859375
0,mean_decid_rel,585.94671630859375
0,mean_decid_rel,70.15306091308594
0,mean_decid_rel,70.15306091308594
0,mean_decid_rel,0
0,mean_decid_rel,0
0,mean_decid_rel,28.392255783081055
0,mean_decid_rel,28.392255783081055
0,mean_decid_rel,12.98104190826416
0,mean_decid_rel,12.98104190826416
0,mean_decid_rel,14.862666130065918
0,mean_decid_rel,14.862666130065918
0,mean_decid_rel,40
0,mean_decid_rel,40
0,mean_decid_rel,44.777244567871094
0,mean_decid_rel,44.777244567871094
0,mean_decid_rel,0
0,mean_decid_rel,0
0,mean_decid_rel,23.8950252532959
0,mean_decid_rel,23.8950252532959
0,mean_decid_rel,0
0,mean_decid_rel,0
0,mean_decid_rel,0
0,mean_decid_rel,0
0,mean_decid_rel,5.540165901184082
0,mean_decid_rel,5.540165901184082
0,mean_decid_rel,22.32149314880371
0,mean_decid_rel,22.32149314880371
0,mean_decid_rel,12.825236320495605
0,mean_decid_rel,12.825236320495605
0,mean_decid_rel,46.02235412597656
0,mean_decid_rel,46.02235412597656
0,mean_decid_rel,0
0,mean_decid_rel,0
0,mean_decid_rel,0
0,mean_decid_rel,0
0,mean_decid_rel,0
0,mean_decid_rel,0
0,mean_decid_rel,24.23822784423828
0,mean_decid_rel,24.23822784423828
0,mean_decid_rel,0
0,mean_decid_rel,0
0,mean_decid_rel,0
0,mean_decid_rel,0
0,mean_decid_rel,27.26659393310547
0,mean_decid_rel,27.26659393310547
0,mean_decid_rel,0
